"id","etiqueta_original","texto_original","top_terminos_tfidf"
"1","positivo","Excelente.","excelente:4.7595"
"2","positivo","Muy bueno.",""
"3","positivo","Me encantó.","encantar:5.6068"
"4","positivo","10/10.",""
"5","positivo","Super bien.","super:6.7054"
"6","positivo","Todo perfecto.","perfecto:5.0960"
"7","positivo","Recomendado.","recomendado:6.7054"
"8","positivo","Sí sirve.","servir:4.4029"
"9","positivo","Buenísimo!!","buenísimo:6.7054"
"10","positivo","Me gusto mucho.","gustar:3.5919"
"11","positivo","Esta chido.","chido:6.3000"
"12","positivo","funciona bn","funcionar:3.4096"
"13","positivo","llego rapido","rapido:3.1500, llego:2.8034"
"14","positivo","muy buen producto!!!","producto:2.7736"
"15","positivo","exelente compra","exelente:3.3527, compra:1.8549"
"16","positivo","me yego en buen estado","yeguir:6.7054"
"17","positivo","todo ok",""
"18","positivo","sin quejas","queja:6.3000"
"19","positivo","jalo perfecto","jalo:3.3527, perfecto:2.5480"
"20","positivo","esta padre","padre:6.3000"
"21","positivo","El producto llegó rápido y en muy buen estado, la verdad me gustó bastante.","rápido:1.3325, gustar:1.1973, producto:0.9245"
"22","positivo","Me encantó la calidad, se siente resistente y cumple perfecto con lo que necesitaba.","necesitar:1.1176, encantar:0.9345, perfecto:0.8493, resistente:0.8056, cumplir:0.6503"
"23","positivo","Excelente compra, llegó antes de lo esperado y funciona sin fallas.","esperado:1.0905, falla:0.9827, excelente:0.9519, compra:0.7419, funcionar:0.6819"
"24","positivo","Muy buen artículo, el precio está justo y la entrega fue rápida.","justo:1.2600, entrega:0.9667, precio:0.7995, rápido:0.7995, artículo:0.7014"
"25","positivo","El pedido llegó completo, bien empacado y sin ningún detalle.","empacado:1.4017, detalle:1.2284, pedido:1.0351, completo:1.0078"
"26","positivo","La app fue fácil de usar y pude comprar sin problemas.","fácil:1.3003, app:1.2284, comprar:1.2084, problema:1.1565"
"27","positivo","Me gustó mucho el producto, es igual al de las fotos.","foto:1.7338, gustar:1.1973, producto:0.9245"
"28","positivo","Buena calidad, buen tamaño y buena presentación.","tamaño:2.1000, presentación:1.4359, calidad:1.1828"
"29","positivo","El envío fue puntual y el producto llegó impecable.","impecable:1.6764, puntual:1.5750, envío:1.1726, producto:0.6934"
"30","positivo","Funciona perfecto desde el primer día, muy recomendable.","recomendable:2.1000, perfecto:1.6987, funcionar:1.1365"
"31","positivo","La tela se siente cómoda y la talla fue correcta.","correcto:1.4017, cómodo:1.4017, tela:1.4017, talla:1.3298"
"32","positivo","Los audífonos se escuchan muy bien y la batería dura bastante.","escuchar:1.5031, audífono:1.3632, batería:1.2284, duro:1.2284"
"33","positivo","El cargador carga rápido y no se calienta, excelente.","carga:1.2600, calentar:1.1214, cargador:1.0403, excelente:0.9519, rápido:0.7995"
"34","positivo","El juguete llegó completo y a mi sobrino le encantó.","sobrino:1.6764, encantar:1.4017, juguete:1.2740, completo:1.0078"
"35","positivo","La crema llegó sellada y con muy buena presentación.","sellado:2.2351, crema:1.6669, presentación:1.4359"
"36","positivo","El sartén es práctico y no se pega la comida.","comida:1.6764, pegar:1.6764, práctico:1.5031, sartén:1.4473"
"37","positivo","Muy satisfecho con la compra, todo salió mejor de lo esperado.","satisfecho:1.6764, salir:1.5031, esperado:1.3632, compra:0.9274"
"38","positivo","El producto se ve de buena calidad y llegó sin golpes.","golpe:2.0041, calidad:1.1828, producto:0.9245"
"39","positivo","Me gustó que el paquete venía bien protegido.","protegido:1.4473, paquete:1.1899, venir:0.9608, gustar:0.8980"
"40","positivo","Excelente atención y el pedido llegó en tiempo.","atención:1.5031, excelente:1.1899, tiempo:1.1565, pedido:1.0351"
"41","positivo","La mochila está amplia, bonita y con buenos acabados.","amplio:1.5750, mochilo:1.5031, acabado:1.4473, bonito:1.1413"
"42","positivo","Los tenis son cómodos y se ven de buena calidad.","cómodo:1.8689, tenis:1.6987, calidad:1.1828"
"43","positivo","La bocina suena fuerte y claro, superó mis expectativas.","fuerte:1.2600, sonar:1.2600, superar:1.0905, bocina:1.0638, expectativa:1.0638"
"44","positivo","El reloj llegó funcionando bien y se ve elegante.","elegante:2.1000, reloj:1.6669, funcionar:1.1365"
"45","positivo","Me encantó el diseño, se ve moderno y resistente.","moderno:1.6764, encantar:1.4017, diseño:1.3298, resistente:1.2084"
"46","positivo","La compra fue sencilla, rápida y segura.","seguro:1.5750, sencillo:1.1565, rápido:0.9993, compra:0.9274"
"47","positivo","El producto cumple muy bien con lo que promete.","prometer:1.9297, cumplir:1.3007, producto:0.9245"
"48","positivo","Llegó antes de la fecha indicada, muy buen servicio.","fecha:2.0041, servicio:2.0041, indicado:1.5865"
"49","positivo","Todo venía completo, con accesorios y manual.","manual:1.4017, accesorio:1.3003, completo:1.0078, venir:0.9608"
"50","positivo","El artículo está bonito y se nota que es durable.","durable:1.5750, notar:1.5031, bonito:1.1413, artículo:0.8767"
"51","positivo","Me gustó mucho, sin duda volvería a comprar.","volver:1.5031, duda:1.4473, comprar:1.2084, gustar:0.8980"
"52","positivo","Buena relación calidad precio, lo recomiendo.","relación:1.6764, recomeir:1.1271, precio:0.9993, calidad:0.8871"
"53","positivo","El producto llegó limpio, nuevo y en buenas condiciones.","limpio:2.2351, condición:1.6669, producto:0.9245"
"54","positivo","La licuadora tiene buena potencia y funciona excelente.","potencia:1.5031, licuadora:1.3298, excelente:1.1899, funcionar:0.8524"
"55","positivo","La camiseta tiene buen color y la tela está suave.","suave:1.6764, camiseta:1.4017, tela:1.4017, color:1.3298"
"56","positivo","El producto se instaló rápido y funciona al cien.","instalar:1.6764, rápido:0.9993, funcionar:0.8524, producto:0.6934"
"57","positivo","Muy buena experiencia, no tuve ningún inconveniente.","inconveniente:3.1500, experiencia:2.8034"
"58","positivo","El empaque venía perfecto y el artículo sin daños.","daño:1.2600, perfecto:1.0192, empaque:0.9667, venir:0.7686, artículo:0.7014"
"59","positivo","El pedido llegó rápido y exactamente como lo solicité.","solicitar:1.6764, exactamente:1.5031, pedido:1.0351, rápido:0.9993"
"60","positivo","Me gustó la calidad del material, se siente firme.","firme:1.6764, material:1.1271, gustar:0.8980, calidad:0.8871"
"61","positivo","El producto es práctico y fácil de usar.","práctico:2.0041, fácil:1.7338, producto:0.9245"
"62","positivo","Todo correcto, el pago fue rápido y el envío también.","pago:1.5031, correcto:1.4017, envío:1.1726, rápido:0.9993"
"63","positivo","Excelente producto para el precio que tiene.","excelente:1.5865, precio:1.3325, producto:0.9245"
"64","positivo","El artículo llegó muy bien cuidado, sin rayones.","cuidado:1.9297, rayón:1.6987, artículo:1.1689"
"65","positivo","La talla coincidió perfectamente con la guía.","guía:1.5750, perfectamente:1.5750, talla:1.3298, coincidir:1.2502"
"66","positivo","La batería dura bastante, mejor de lo que esperaba.","batería:1.6379, duro:1.6379, esperar:1.4676"
"67","positivo","La presentación del producto es muy buena.","presentación:2.1538, producto:1.3868"
"68","positivo","El vendedor atendió rápido y resolvió mis dudas.","atender:1.3411, duda:1.1578, resolver:1.0638, vendedor:1.0403, rápido:0.7995"
"69","positivo","La entrega fue muy rápida y el producto excelente.","entrega:1.2084, excelente:1.1899, rápido:0.9993, producto:0.6934"
"70","positivo","Estoy contento con la compra, funciona muy bien.","contento:2.2351, compra:1.2366, funcionar:1.1365"
"71","positivo","El producto es bonito, útil y de buena calidad.","útil:1.3003, bonito:1.1413, calidad:0.8871, producto:0.6934"
"72","positivo","Llegó en tiempo y forma, todo sin problemas.","formar:2.2351, problema:1.5420, tiempo:1.5420"
"73","positivo","Me sorprendió la calidad, está mejor de lo que pensé.","pensar:2.2351, sorprender:2.1000, calidad:1.1828"
"74","positivo","Es justo lo que buscaba, cumple perfectamente.","buscar:1.6764, justo:1.5750, perfectamente:1.5750, cumplir:0.9755"
"75","positivo","Muy recomendable, el artículo llegó en perfecto estado.","recomendable:2.1000, perfecto:1.6987, artículo:1.1689"
"76","positivo","La app mostró bien el seguimiento y el pedido llegó rápido.","seguimiento:1.1578, mostrar:1.1214, app:0.9827, pedido:0.8281, rápido:0.7995"
"77","positivo","El producto se ve original y funciona correctamente.","original:1.5031, correctamente:1.3003, funcionar:0.8524, producto:0.6934"
"78","positivo","El empaque estaba cerrado y bien protegido.","cerrado:1.9297, protegido:1.9297, empaque:1.6112"
"79","positivo","La compra fue muy buena, el producto salió excelente.","salir:1.5031, excelente:1.1899, compra:0.9274, producto:0.6934"
"80","positivo","Me gustó porque es fácil de usar y se ve resistente.","fácil:1.7338, resistente:1.6112, gustar:1.1973"
"81","positivo","El envío fue seguro y el paquete llegó completo.","seguro:1.5750, paquete:1.1899, envío:1.1726, completo:1.0078"
"82","positivo","La calidad del producto es muy buena por el precio.","precio:1.3325, calidad:1.1828, producto:0.9245"
"83","positivo","El producto llegó sin fallas y listo para usar.","listo:2.0041, falla:1.6379, producto:0.9245"
"84","positivo","La chamarra está cómoda y se ve de buena calidad.","cómodo:1.8689, chamarra:1.7338, calidad:1.1828"
"85","positivo","El set de cocina llegó completo y muy bien empacado.","cocina:1.6764, set:1.5031, empacado:1.4017, completo:1.0078"
"86","positivo","La crema funciona bien y llegó en buen estado.","crema:2.5003, funcionar:1.7048"
"87","positivo","La bocina tiene buen volumen y buen diseño.","volumen:2.1000, bocina:1.7731, diseño:1.7731"
"88","positivo","El producto cumplió todas mis expectativas.","expectativa:1.7731, cumplir:1.3007, producto:0.9245"
"89","positivo","Excelente compra, no tengo ninguna queja.","queja:2.1000, excelente:1.5865, compra:1.2366"
"90","positivo","Todo llegó perfecto, se nota el cuidado en el envío.","notar:1.5031, cuidado:1.4473, perfecto:1.2740, envío:1.1726"
"91","positivo","El artículo es resistente y se ve muy bien.","resistente:2.4168, artículo:1.7534"
"92","positivo","Muy buena calidad, lo recomiendo ampliamente.","ampliamente:2.2351, recomeir:1.5027, calidad:1.1828"
"93","positivo","El pedido llegó antes de lo prometido y sin detalles.","prometido:2.0041, detalle:1.6379, pedido:1.3802"
"94","positivo","Me gustó mucho el producto, volvería a pedirlo.","volver:2.0041, gustar:1.1973, producto:0.9245"
"95","positivo","El servicio fue rápido y el producto llegó excelente.","servicio:1.5031, excelente:1.1899, rápido:0.9993, producto:0.6934"
"96","positivo","La compra fue mejor de lo que esperaba porque el producto venía bien protegido, llegó antes de la fecha marcada y desde el primer uso funcionó correctamente.","marcado:0.7000, fecha:0.6680, protegido:0.6432, correctamente:0.5779, esperar:0.4892"
"97","positivo","Aunque no conocía la tienda, la experiencia fue muy buena: el pago se realizó sin problemas, el seguimiento fue claro y el artículo llegó completo.","pago:0.8589, seguimiento:0.8270, tienda:0.8270, experiencia:0.8010, problema:0.6609"
"98","positivo","El producto me sorprendió bastante porque se siente resistente, tiene buen acabado y el precio fue razonable para la calidad que ofrece.","ofrecer:0.8382, razonable:0.8382, sorprender:0.7875, acabado:0.7236, resistente:0.6042"
"99","positivo","Lo compré para uso diario y hasta ahora ha funcionado excelente, no se ha calentado, no presentó fallas y llegó en perfectas condiciones.","diario:0.7000, presentar:0.6680, calentar:0.6230, perfecto:0.5662, condición:0.5556"
"100","positivo","Me agradó que el paquete llegara cerrado y con buena protección; además, el artículo era exactamente como aparecía en la publicación.","agradar:0.7000, exactamente:0.6680, protección:0.6680, aparecer:0.6432, cerrado:0.6432"
"101","positivo","Me gustó el cargador, se ve resistente y de buena calidad.","cargador:1.3003, resistente:1.2084, gustar:0.8980, calidad:0.8871"
"102","positivo","Buen producto, el plancha de cabello cumple con lo prometido. jeje","prometido:1.0021, cabello:0.9649, plancha:0.9649, jeje:0.8334, cumplir:0.6503"
"103","positivo","La compra del pantalón fue sencilla y llegó sin problemas.","pantalón:1.2502, problema:1.1565, sencillo:1.1565, compra:0.9274"
"104","positivo","pues Todo bien con el peluche, llegó completo.","peluche:2.8946, completo:2.0156"
"105","positivo","Buen producto, el gel cumple con lo prometido.","prometido:1.5031, gel:1.4473, cumplir:0.9755, producto:0.6934"
"106","positivo","La compra del jabón fue sencilla y llegó sin problemas.","jabón:1.2740, problema:1.1565, sencillo:1.1565, compra:0.9274"
"107","positivo","El muñeca superó mis expectativas, lo recomiendo.","muñeca:1.4017, superar:1.3632, expectativa:1.3298, recomeir:1.1271"
"108","positivo","ok, El vaso tiene buen precio y buena presentación.","vaso:2.0041, presentación:1.4359, precio:1.3325"
"109","positivo","El rompecabezas está mejor de lo que esperaba.","rompecabezas:3.1500, esperar:2.2014"
"110","positivo","pues El rasuradora llegó rápido y funciona muy bien.","rasuradora:1.8176, rápido:1.3325, funcionar:1.1365"
"111","positivo","mmm Me gustó el pelota, se ve resistente y de buena calidad.!!!","pelota:1.1578, mmm:1.0638, resistente:0.9667, gustar:0.7184, calidad:0.7097"
"112","positivo","La compra del rasuradora fue sencilla y llegó sin problemas.!!!","rasuradora:1.3632, problema:1.1565, sencillo:1.1565, compra:0.9274"
"113","positivo","La compra del tenis fue sencilla y llegó sin problemas.","tenis:1.2740, problema:1.1565, sencillo:1.1565, compra:0.9274"
"114","positivo","Todo bien con el pantalón, llegó completo.","pantalón:2.5003, completo:2.0156"
"115","positivo","El pantalón llegó rápido y funciona muy bien.","pantalón:1.6669, rápido:1.3325, funcionar:1.1365"
"116","positivo","mmm Muy buen gorra, no tuve fallas ni detalles. :)","gorra:1.3632, mmm:1.3298, detalle:1.2284, falla:1.2284"
"117","positivo","Muy buen shampoo, no tuve fallas ni detalles.","shampoo:2.0041, detalle:1.6379, falla:1.6379"
"118","positivo","La compra del plancha de cabello fue sencilla y llegó sin problemas.","cabello:1.1578, plancha:1.1578, problema:0.9252, sencillo:0.9252, compra:0.7419"
"119","positivo","El drone infantil está mejor de lo que esperaba.","drone:1.8689, infantil:1.8689, esperar:1.4676"
"120","positivo","La compra del cable USB fue sencilla y llego sin problemas.","usb:0.9649, cable:0.9345, llego:0.9345, problema:0.7710, sencillo:0.7710"
"121","positivo","Me gustó el lámpara led, se ve resistente y de buena calidad.","led:1.2600, lámpara:1.2600, resistente:0.9667, gustar:0.7184, calidad:0.7097"
"122","positivo","ok, Muy buen molde, no tuve fallas ni detalles. pero bueno","molde:1.9297, detalle:1.6379, falla:1.6379"
"123","positivo","Todo bien con el audífonos, llegó completo.","audífono:2.7263, completo:2.0156"
"124","positivo","El power bank superó mis expectativas, lo recomiendo. pero bueno","superar:1.0905, bank:1.0638, expectativa:1.0638, power:1.0638, recomeir:0.9016"
"125","positivo","Todo bien con el jabón, llegó completo. :(","jabón:2.5480, completo:2.0156"
"126","positivo","mmm Todo bien con el molde, llegó completo.!!!","molde:1.9297, mmm:1.7731, completo:1.3438"
"127","positivo","Me gustó el rompecabezas, se ve resistente y de buena calidad.","rompecabeza:1.6764, resistente:1.2084, gustar:0.8980, calidad:0.8871"
"128","positivo","Excelente sudadera, llegó bien empacado y listo para usar.","sudadera:1.5750, listo:1.5031, empacado:1.4017, excelente:1.1899"
"129","positivo","Me gustó el jabón, se ve resistente y de buena calidad.","jabón:1.2740, resistente:1.2084, gustar:0.8980, calidad:0.8871"
"130","positivo","ok, Todo bien con el tenis, llegó completo. :)","tenis:2.5480, completo:2.0156"
"131","positivo","mmm La compra del perfume fue sencilla y llegó sin problemas. pero bueno","mmmir:1.2600, perfume:1.1578, problema:0.9252, sencillo:0.9252, compra:0.7419"
"132","positivo","El power bank tiene buen precio y buena presentación. la neta","bank:1.0638, neta:1.0638, power:1.0638, presentación:0.8615, precio:0.7995"
"133","positivo","El pantalón está mejor de lo que esperaba. :)","pantalón:2.5003, esperar:2.2014"
"134","positivo","El mouse superó mis expectativas, lo recomiendo.","superar:1.3632, expectativa:1.3298, mouse:1.3003, recomeir:1.1271"
"135","positivo","El mochila tiene buen precio y buena presentación.","mochila:1.9297, presentación:1.4359, precio:1.3325"
"136","positivo","El freidora está mejor de lo que esperaba.","freidora:2.8034, esperar:2.2014"
"137","positivo","ok, Muy buen chamarra, no tuve fallas ni detalles. la neta","neta:1.3298, chamarra:1.3003, detalle:1.2284, falla:1.2284"
"138","positivo","El secadora tiene buen precio y buena presentación.","secadora:1.9297, presentación:1.4359, precio:1.3325"
"139","positivo","la verdad El tablet superó mis expectativas, lo recomiendo. en fin","tablet:1.4473, superar:1.3632, expectativa:1.3298, recomeir:1.1271"
"140","positivo","la verdad Muy buen camiseta, no tuve fallas ni detalles.","camiseta:1.8689, detalle:1.6379, falla:1.6379"
"141","positivo","Todo bien con el tablet, llegó completo.","tablet:2.8946, completo:2.0156"
"142","positivo","Muy buen reloj inteligente, no tuve fallas ni detalles. jeje","inteligente:1.0905, jeje:1.0001, reloj:1.0001, detalle:0.9827, falla:0.9827"
"143","positivo","El blusa tiene buen precio y buena presentación.","blusa:1.9297, presentación:1.4359, precio:1.3325"
"144","positivo","Todo bien con el rasuradora, llegó completo.","rasuradora:2.7263, completo:2.0156"
"145","positivo","La compra del reloj inteligente fue sencilla y llegó sin problemas.","inteligente:1.0905, reloj:1.0001, problema:0.9252, sencillo:0.9252, compra:0.7419"
"146","positivo","sinceramente El reloj inteligente superó mis expectativas, lo recomiendo. en fin","inteligente:0.9088, superar:0.9088, expectativa:0.8865, sinceramente:0.8493, reloj:0.8334"
"147","positivo","Todo bien con el tenis, llegó completo.!!!","tenis:2.5480, completo:2.0156"
"148","positivo","la verdad La compra del set de bloques fue sencilla y llegó sin problemas.","bloque:1.2600, set:1.2025, problema:0.9252, sencillo:0.9252, compra:0.7419"
"149","positivo","Muy buen rasuradora, no tuve fallas ni detalles.","rasuradora:1.8176, detalle:1.6379, falla:1.6379"
"150","positivo","Excelente mochila, llegó bien empacado y listo para usar.","listo:1.5031, mochila:1.4473, empacado:1.4017, excelente:1.1899"
"151","negativo","Malo.","malo:4.4542"
"152","negativo","No sirve.","servir:4.4029"
"153","negativo","Pésimo.","pésimo:5.4527"
"154","negativo","No llegó.",""
"155","negativo","Muy mal.",""
"156","negativo","Defectuoso.","defectuoso:5.7892"
"157","negativo","No prende.","prender:5.7892"
"158","negativo","Horrible.","horrible:6.7054"
"159","negativo","Nada que ver.",""
"160","negativo","Decepcionante.","decepcionante:6.7054"
"161","negativo","no jalo","jalir:6.7054"
"162","negativo","llego roto","roto:3.0062, llego:2.8034"
"163","negativo","no funsiona","funsionar:6.7054"
"164","negativo","mala compra","malo:2.2271, compra:1.8549"
"165","negativo","venia avierto","avierto:3.3527, venia:3.0062"
"166","negativo","tardo muchisimo","muchisimo:3.3527, tardo:3.1500"
"167","negativo","que mal servicio","servicio:6.0123"
"168","negativo","no me gusto","gustar:3.5919"
"169","negativo","pesima calidad!!!","pesimo:3.3527, calidad:1.7742"
"170","negativo","me cobraron doble","doble:3.3527, cobrar:3.1500"
"171","negativo","El producto llegó dañado y no funcionó desde que lo saqué de la caja.","saqué:1.3411, dañado:1.1214, caja:1.0192, funcionar:0.6819, producto:0.5547"
"172","negativo","Muy mala calidad, se rompió al primer uso.","romper:1.7338, malo:1.4847, calidad:1.1828"
"173","negativo","El pedido tardó demasiado y llegó todo golpeado.","golpeado:1.6379, tardar:1.5218, pedido:1.3802"
"174","negativo","No es igual al de la foto, me sentí engañado.","engañar:2.2351, sentir:2.2351, foto:1.7338"
"175","negativo","El vendedor nunca respondió mis mensajes.","mensaje:2.2351, responder:2.1000, vendedor:1.7338"
"176","negativo","El artículo llegó incompleto, faltaban piezas importantes.","faltar:1.2025, importante:1.2025, pieza:1.0905, incompleto:0.9381, artículo:0.7014"
"177","negativo","La calidad es muy baja para el precio que pagué.","pagar:2.0041, precio:1.3325, calidad:1.1828"
"178","negativo","El producto venía abierto y con señales de uso.","señal:1.3632, abierto:1.1726, venir:0.9608, producto:0.6934"
"179","negativo","No lo recomiendo, dejó de funcionar al segundo día.","recomeir:2.2541, funcionar:1.7048"
"180","negativo","La caja llegó aplastada y el producto estaba rayado.","aplastado:1.5031, rayado:1.4017, caja:1.2740, producto:0.6934"
"181","negativo","La talla no corresponde, viene mucho más chica.","chico:1.5750, talla:1.3298, corresponder:1.1726, venir:0.9608"
"182","negativo","El cargador se calienta demasiado, no me da confianza usarlo.","confianza:2.1000, calentar:1.8689, cargador:1.7338"
"183","negativo","Los audífonos se escuchan mal y uno no prende.","escuchar:2.0041, prender:1.9297, audífono:1.8176"
"184","negativo","La bocina llegó golpeada y con un ruido raro.","raro:1.5750, ruido:1.5031, bocina:1.3298, golpeado:1.2284"
"185","negativo","El producto huele muy feo, parece de mala calidad.","feo:1.3411, oler:1.2025, malo:0.8908, calidad:0.7097, producto:0.5547"
"186","negativo","No cumple con la descripción, nada que ver con lo anunciado.","anunciado:2.0041, descripción:1.5218, cumplir:1.3007"
"187","negativo","Me llegó un producto diferente al que compré.","comprar:2.4168, producto:1.3868"
"188","negativo","El material es muy frágil y se siente barato.","barato:1.8176, frágil:1.8176, material:1.5027"
"189","negativo","La app falló al pagar y aun así me hicieron el cargo.","cargo:1.6764, pagar:1.5031, fallar:1.2740, app:1.2284"
"190","negativo","El pedido llegó tarde y nadie me avisó nada.","avisar:3.3527, pedido:2.0702"
"191","negativo","La prenda llegó manchada y mal empacada.","manchado:2.2351, prenda:1.9297, empacado:1.8689"
"192","negativo","El juguete llegó sin una pieza y no se puede usar.","pieza:2.7263, juguete:2.5480"
"193","negativo","La crema venía abierta, no me dio confianza.","confianza:1.5750, crema:1.2502, abierto:1.1726, venir:0.9608"
"194","negativo","El sartén se rayó desde el primer uso.","rayar:3.1500, sartén:2.8946"
"195","negativo","El producto no prende, llegó defectuoso.","defectuoso:1.9297, prender:1.9297, producto:0.9245"
"196","negativo","Muy mala compra, esperaba algo mejor por ese precio.","malo:1.1135, esperar:1.1007, precio:0.9993, compra:0.9274"
"197","negativo","El empaque estaba roto y el producto sucio.","roto:1.5031, sucio:1.5031, empaque:1.2084, producto:0.6934"
"198","negativo","No sirve como lo prometen, fue dinero perdido.","prometer:1.4473, dinero:1.3298, perdido:1.3298, servir:1.1007"
"199","negativo","La batería dura muy poco, no cumple lo anunciado.","anunciado:1.5031, batería:1.2284, duro:1.2284, cumplir:0.9755"
"200","negativo","El artículo llegó con golpes y sin protección.","golpe:2.0041, protección:2.0041, artículo:1.1689"
"201","negativo","El color es diferente al que pedí.","pedir:3.1500, color:2.6596"
"202","negativo","La tela está muy delgada y se siente corriente.","corriente:2.2351, delgado:2.1000, tela:1.8689"
"203","negativo","El producto se desarmó al poco tiempo de usarlo.","desarmar:2.2351, tiempo:1.5420, producto:0.9245"
"204","negativo","El vendedor canceló tarde y no explicó el motivo.","cancelar:2.2351, motivo:2.2351, vendedor:1.7338"
"205","negativo","La entrega fue lenta y el paquete llegó maltratado.","lento:1.5750, maltratado:1.3003, entrega:1.2084, paquete:1.1899"
"206","negativo","No pude usarlo porque venía sin instrucciones.","instrucción:3.3527, venir:1.9216"
"207","negativo","El producto parece imitación, no se ve original.","imitación:2.2351, original:2.0041, producto:0.9245"
"208","negativo","Compré dos piezas y una llegó rota.","rota:2.2351, pieza:1.8176, comprar:1.6112"
"209","negativo","No me gustó nada, la calidad es deficiente.","deficiente:2.2351, gustar:1.1973, calidad:1.1828"
"210","negativo","El cierre de la mochila se rompió el primer día.","cierre:2.1000, mochila:1.9297, romper:1.7338"
"211","negativo","Los zapatos lastiman y la talla está mal.","lastimar:2.2351, zapato:1.8176, talla:1.7731"
"212","negativo","El reloj llegó sin funcionar y con la pantalla rayada.","pantalla:1.6764, rayado:1.4017, reloj:1.2502, funcionar:0.8524"
"213","negativo","El artículo no trae los accesorios que muestra la publicación.","traer:1.2600, mostrar:1.1214, publicación:1.0638, accesorio:1.0403, artículo:0.7014"
"214","negativo","El producto llegó mojado dentro del paquete.","mojado:2.2351, paquete:1.5865, producto:0.9245"
"215","negativo","La compra fue complicada y el soporte no ayudó.","ayudar:1.6764, complicar:1.5750, soporte:1.5750, compra:0.9274"
"216","negativo","La licuadora hace mucho ruido y huele a quemado.","quemado:1.6764, oler:1.5031, ruido:1.5031, licuadora:1.3298"
"217","negativo","El producto no tiene la potencia que decía la descripción.","potencia:2.0041, descripción:1.5218, producto:0.9245"
"218","negativo","Estoy muy decepcionado, no volvería a comprar aquí.","decepcionado:2.2351, volver:2.0041, comprar:1.6112"
"219","negativo","La caja llegó abierta y faltaba el manual.","faltar:1.5031, manual:1.4017, caja:1.2740, abierto:1.1726"
"220","negativo","El material se rompió con un uso normal.","romper:1.7338, normal:1.5420, material:1.5027"
"221","negativo","El pedido llegó incompleto y nadie resolvió mi reclamo.","reclamo:1.6764, resolver:1.3298, incompleto:1.1726, pedido:1.0351"
"222","negativo","El producto venía rayado, parecía usado.","usado:1.3411, parecer:1.2600, rayado:1.1214, venir:0.7686, producto:0.5547"
"223","negativo","La app marcaba entregado pero no recibí nada.","entregado:1.6764, marcar:1.5750, recibir:1.2502, app:1.2284"
"224","negativo","El artículo es mucho más pequeño que en la imagen.","imagen:2.2351, pequeño:1.8689, artículo:1.1689"
"225","negativo","No carga bien, se desconecta a cada rato.","desconectar:2.2351, carga:2.1000, rato:2.1000"
"226","negativo","El producto llegó tarde y además venía defectuoso.","defectuoso:1.9297, venir:1.2811, producto:0.9245"
"227","negativo","La calidad no justifica el precio, está muy malo.","justificar:1.6764, malo:1.1135, precio:0.9993, calidad:0.8871"
"228","negativo","El vendedor prometió enviar repuesto y ya no contestó.","enviar:1.3411, repuesto:1.3411, contestar:1.1578, prometer:1.1578, vendedor:1.0403"
"229","negativo","No me sirvió, las medidas publicadas están mal.","medida:2.2351, publicado:1.7338, servir:1.4676"
"230","negativo","El producto falló después de unos minutos de uso.","minuto:2.2351, fallar:1.6987, producto:0.9245"
"231","negativo","La costura viene mal hecha y se empezó a abrir.","abrir:1.6764, empezar:1.6764, costura:1.5750, venir:0.9608"
"232","negativo","El artículo no coincide con la descripción de la tienda.","tienda:1.4473, coincidir:1.2502, descripción:1.1413, artículo:0.8767"
"233","negativo","El empaque no protegió nada, llegó todo golpeado.","proteger:2.2351, golpeado:1.6379, empaque:1.6112"
"234","negativo","Muy mala experiencia, el pedido llegó equivocado.","equivocado:1.6764, experiencia:1.4017, malo:1.1135, pedido:1.0351"
"235","negativo","El producto no es resistente, se dobló muy fácil.","doblar:1.6764, fácil:1.3003, resistente:1.2084, producto:0.6934"
"236","negativo","La crema llegó caducada, eso no debería pasar.","caducado:1.6764, pasar:1.6764, deber:1.5750, crema:1.2502"
"237","negativo","La atención fue lenta y no solucionaron el problema.","lento:1.5750, solucionar:1.5750, atención:1.5031, problema:1.1565"
"238","negativo","El juguete no prende aunque le puse pilas nuevas.","posar:1.6764, pila:1.5031, prender:1.4473, juguete:1.2740"
"239","negativo","El producto es incómodo y de mala fabricación.","fabricación:1.6764, incómodo:1.6764, malo:1.1135, producto:0.6934"
"240","negativo","No sirve para lo que se anuncia, me decepcionó.","anunciar:2.2351, decepcionar:2.1000, servir:1.4676"
"241","negativo","El paquete llegó sin sellos y con el artículo maltratado.","sello:1.6764, maltratado:1.3003, paquete:1.1899, artículo:0.8767"
"242","negativo","El color se despintó después del primer lavado.","despintar:2.2351, lavado:2.2351, color:1.7731"
"243","negativo","El producto llegó con piezas flojas y mal armado.","armado:1.6764, flojo:1.5750, pieza:1.3632, producto:0.6934"
"244","negativo","Me cobraron envío aunque decía que era gratis.","gratis:2.2351, cobrar:2.1000, envío:1.5635"
"245","negativo","No recomiendo comprarlo, salió defectuoso y caro.","caro:1.5750, salir:1.5031, defectuoso:1.4473, recomeir:1.1271"
"246","negativo","La experiencia fue mala desde el inicio: la app marcó error al pagar, después el pedido apareció como enviado y finalmente llegó un producto diferente.","enviado:0.5588, error:0.5588, finalmente:0.5588, inicio:0.5588, marcar:0.5250"
"247","negativo","El paquete venía abierto, el producto tenía marcas de uso y al intentar reportarlo no recibí una respuesta clara del vendedor.","intentar:0.7450, respuesta:0.7450, marca:0.6680, vendedor:0.5779, recibir:0.5556"
"248","negativo","Me decepcionó porque la publicación prometía buena calidad, pero el material se siente débil y el artículo falló casi de inmediato.","inmediato:0.7450, decepcionar:0.7000, débil:0.6680, prometer:0.6432, publicación:0.5910"
"249","negativo","No pude usar el producto porque llegó incompleto, sin manual y con una pieza rota; además, el soporte tardó demasiado en contestar.","soporte:0.7875, roto:0.7515, contestar:0.7236, manual:0.7009, pieza:0.6816"
"250","negativo","El pedido llegó varios días tarde y en malas condiciones, la caja estaba aplastada y el artículo no funcionó correctamente.","mala:0.8382, aplastado:0.7515, correctamente:0.6502, caja:0.6370, condición:0.6251"
"251","negativo","pues El set de bloques tardó mucho en llegar y llegó maltratado. pero bueno","bloque:1.2600, set:1.2025, maltratado:1.0403, llegar:0.9827, tardar:0.9131"
"252","negativo","Muy mala calidad del audífonos, no lo recomiendo.","audífono:1.3632, recomeir:1.1271, malo:1.1135, calidad:0.8871"
"253","negativo","Muy mala calidad del mouse, no lo recomiendo.","mouse:1.3003, recomeir:1.1271, malo:1.1135, calidad:0.8871"
"254","negativo","El muñeca venía abierto y con señales de uso.","muñeca:1.4017, señal:1.3632, abierto:1.1726, venir:0.9608"
"255","negativo","pues El blusa no coincide con la descripción. en fin","blusa:1.9297, coincidir:1.6669, descripción:1.5218"
"256","negativo","Muy mala calidad del cable USB, no lo recomiendo. en fin","usb:1.1578, cable:1.1214, recomeir:0.9016, malo:0.8908, calidad:0.7097"
"257","negativo","No sirve el mochila, fue dinero perdido.","mochila:1.4473, dinero:1.3298, perdido:1.3298, servir:1.1007"
"258","negativo","El licuadora se rompió al poco tiempo de usarlo.","licuadora:1.7731, romper:1.7338, tiempo:1.5420"
"259","negativo","El bocina tardó mucho en llegar y llegó maltratado. :(","bocina:1.3298, maltratado:1.3003, llegar:1.2284, tardar:1.1413"
"260","negativo","El perfume se rompió al poco tiempo de usarlo.","perfume:1.9297, romper:1.7338, tiempo:1.5420"
"261","negativo","mmm El vaso venía abierto y con señales de uso. en fin","vaso:1.2025, señal:1.0905, mmm:1.0638, abierto:0.9381, venir:0.7686"
"262","negativo","El short llegó dañado y no funciona.","short:1.9297, dañado:1.8689, funcionar:1.1365"
"263","negativo","la verdad El muñeca llegó dañado y no funciona.","dañado:1.8689, muñeca:1.8689, funcionar:1.1365"
"264","negativo","El peluche se rompió al poco tiempo de usarlo.","peluche:1.9297, romper:1.7338, tiempo:1.5420"
"265","negativo","No me gustó el tenis, se siente barato.","barato:1.8176, tenis:1.6987, gustar:1.1973"
"266","negativo","mmm Pésima compra, el cargador falló rápido. jeje","pésimo:0.7790, mmm:0.7599, cargador:0.7431, fallar:0.7280, jeje:0.7144"
"267","negativo","No me gustó el gorra, se siente barato. jeje","barato:1.3632, gorra:1.3632, jeje:1.2502, gustar:0.8980"
"268","negativo","sinceramente El pantalón llegó incompleto y nadie resolvió. la neta","neta:1.0638, resolver:1.0638, sinceramente:1.0192, pantalón:1.0001, incompleto:0.9381"
"269","negativo","la verdad No me gustó el pantalón, se siente barato. jeje","barato:1.3632, jeje:1.2502, pantalón:1.2502, gustar:0.8980"
"270","negativo","ok, Muy mala calidad del protector solar, no lo recomiendo. en fin","protector:1.2025, solar:1.2025, recomeir:0.9016, malo:0.8908, calidad:0.7097"
"271","negativo","El power bank llegó dañado y no funciona.","dañado:1.4017, bank:1.3298, power:1.3298, funcionar:0.8524"
"272","negativo","ok, No sirve el zapatos, fue dinero perdido. la neta","zapato:1.0905, dinero:1.0638, neta:1.0638, perdido:1.0638, servir:0.8806"
"273","negativo","El drone infantil no coincide con la descripción.","drone:1.4017, infantil:1.4017, coincidir:1.2502, descripción:1.1413"
"274","negativo","Pésima compra, el freidora falló rápido. jeje","freidora:0.9345, pésimo:0.9088, fallar:0.8493, jeje:0.8334, comprar:0.8056"
"275","negativo","mmm El drone infantil no coincide con la descripción. la neta","mmmir:1.0500, drone:0.9345, infantil:0.9345, neta:0.8865, coincidir:0.8334"
"276","negativo","Muy mala calidad del secadora, no lo recomiendo.","secadora:1.4473, recomeir:1.1271, malo:1.1135, calidad:0.8871"
"277","negativo","Pésima compra, el juguete falló rápido.","pésimo:1.0905, fallar:1.0192, juguete:1.0192, comprar:0.9667, rápido:0.7995"
"278","negativo","El chamarra venía abierto y con señales de uso.","señal:1.3632, chamarra:1.3003, abierto:1.1726, venir:0.9608"
"279","negativo","El tabla para picar venía abierto y con señales de uso.","picar:1.2025, tabla:1.2025, señal:1.0905, abierto:0.9381, venir:0.7686"
"280","negativo","ok, El short llegó dañado y no funciona. la neta","short:1.4473, dañado:1.4017, neta:1.3298, funcionar:0.8524"
"281","negativo","sinceramente El cepillo llegó incompleto y nadie resolvió.!!!","cepillo:1.5750, resolver:1.3298, sinceramente:1.2740, incompleto:1.1726"
"282","negativo","El olla tardó mucho en llegar y llegó maltratado.","olla:1.5031, maltratado:1.3003, llegar:1.2284, tardar:1.1413"
"283","negativo","pues Muy mala calidad del jabón, no lo recomiendo. :)","jabón:1.2740, recomeir:1.1271, malo:1.1135, calidad:0.8871"
"284","negativo","sinceramente El cargador venía abierto y con señales de uso.","señal:1.0905, cargador:1.0403, sinceramente:1.0192, abierto:0.9381, venir:0.7686"
"285","negativo","No sirve el chamarra, fue dinero perdido.","dinero:1.3298, perdido:1.3298, chamarra:1.3003, servir:1.1007"
"286","negativo","Pésima compra, el sudadera falló rápido.","sudadera:1.2600, pésimo:1.0905, fallar:1.0192, comprar:0.9667, rápido:0.7995"
"287","negativo","No me gustó el camiseta, se siente barato.","camiseta:1.8689, barato:1.8176, gustar:1.1973"
"288","negativo","El reloj inteligente llegó incompleto y nadie resolvió.","inteligente:1.3632, resolver:1.3298, reloj:1.2502, incompleto:1.1726"
"289","negativo","sinceramente Muy mala calidad del juego de mesa, no lo recomiendo. en fin","juego:0.9345, mesa:0.9345, sinceramente:0.8493, recomeir:0.7514, malo:0.7424"
"290","negativo","No sirve el juguete, fue dinero perdido.","dinero:1.3298, perdido:1.3298, juguete:1.2740, servir:1.1007"
"291","negativo","No sirve el secadora, fue dinero perdido.","secadora:1.4473, dinero:1.3298, perdido:1.3298, servir:1.1007"
"292","negativo","El figura se rompió al poco tiempo de usarlo.","figura:1.8689, romper:1.7338, tiempo:1.5420"
"293","negativo","la verdad El figura llegó incompleto y nadie resolvió. :(","figura:1.8689, resolver:1.7731, incompleto:1.5635"
"294","negativo","pues Muy mala calidad del perfume, no lo recomiendo. la neta","perfume:1.1578, neta:1.0638, recomeir:0.9016, malo:0.8908, calidad:0.7097"
"295","negativo","la verdad El teclado se rompió al poco tiempo de usarlo. jeje","teclado:1.5031, romper:1.3003, jeje:1.2502, tiempo:1.1565"
"296","negativo","No me gustó el mouse, se siente barato.","barato:1.8176, mouse:1.7338, gustar:1.1973"
"297","negativo","ok, El peluche llegó incompleto y nadie resolvió. jeje","peluche:1.4473, resolver:1.3298, jeje:1.2502, incompleto:1.1726"
"298","negativo","ok, No sirve el gel, fue dinero perdido. pero bueno","gel:1.4473, dinero:1.3298, perdido:1.3298, servir:1.1007"
"299","negativo","El jabón tardó mucho en llegar y llegó maltratado.","maltratado:1.3003, jabón:1.2740, llegar:1.2284, tardar:1.1413"
"300","negativo","Pésima compra, el vaso falló rápido.","vaso:1.2025, pésimo:1.0905, fallar:1.0192, comprar:0.9667, rápido:0.7995"
"301","neutro","Normal.","normal:4.6260"
"302","neutro","Regular.","regular:5.4527"
"303","neutro","Recibido.","recibido:6.0123"
"304","neutro","Cumple.","cumplir:3.9021"
"305","neutro","Sin comentarios.","comentario:6.0123"
"306","neutro","Todo estándar.","estándar:4.6905"
"307","neutro","Es básico.","básico:4.8336"
"308","neutro","Llegó.",""
"309","neutro","Funciona.","funcionar:3.4096"
"310","neutro","Producto simple.","simple:3.0062, producto:1.3868"
"311","neutro","esta normal","normal:4.6260"
"312","neutro","llego ok","llego:5.6068"
"313","neutro","sin novedad","novedad:6.7054"
"314","neutro","ni bien ni mal",""
"315","neutro","cumple lo basico","basico:3.3527, cumplir:1.9510"
"316","neutro","es lo que dice",""
"317","neutro","pedido recibido","recibido:3.0062, pedido:2.0702"
"318","neutro","todo igual",""
"319","neutro","uso normal","normal:4.6260"
"320","neutro","no destaca","destacar:6.3000"
"321","neutro","El producto llegó en la fecha indicada y corresponde a la descripción.","fecha:1.2025, indicado:0.9519, corresponder:0.9381, descripción:0.9131, producto:0.5547"
"322","neutro","El artículo es funcional y cumple con lo básico.","funcional:1.5031, básico:1.2084, cumplir:0.9755, artículo:0.8767"
"323","neutro","Recibí el pedido sin problemas adicionales.","adicional:1.4017, recibir:1.2502, problema:1.1565, pedido:1.0351"
"324","neutro","El producto es normal, no destaca pero funciona.","destacar:1.5750, normal:1.1565, funcionar:0.8524, producto:0.6934"
"325","neutro","Llegó en buen estado y con el empaque cerrado.","cerrado:2.8946, empaque:2.4168"
"326","neutro","El artículo es igual al publicado en la tienda.","tienda:1.9297, publicado:1.7338, artículo:1.1689"
"327","neutro","La compra se realizó sin inconvenientes.","inconveniente:3.1500, compra:1.8549"
"328","neutro","El producto cumple su función de manera estándar.","función:1.4473, estándar:1.1726, cumplir:0.9755, producto:0.6934"
"329","neutro","El envío llegó dentro del tiempo estimado.","estimado:1.9297, envío:1.5635, tiempo:1.5420"
"330","neutro","El artículo recibido coincide con la orden de compra.","orden:1.3411, recibido:1.2025, coincidir:1.0001, compra:0.7419, artículo:0.7014"
"331","neutro","El producto tiene características básicas para uso diario.","diario:1.5750, característica:1.5031, básico:1.2084, producto:0.6934"
"332","neutro","La entrega fue normal y el paquete llegó completo.","entrega:1.2084, paquete:1.1899, normal:1.1565, completo:1.0078"
"333","neutro","El producto funciona como se indica en la descripción.","indicar:1.6764, descripción:1.1413, funcionar:0.8524, producto:0.6934"
"334","neutro","No tengo comentarios adicionales sobre el artículo.","comentario:2.0041, adicional:1.8689, artículo:1.1689"
"335","neutro","El pedido llegó correctamente y sin observaciones.","correctamente:1.7338, observación:1.7338, pedido:1.3802"
"336","neutro","El artículo es adecuado para un uso sencillo.","adecuar:2.1000, sencillo:1.5420, artículo:1.1689"
"337","neutro","La talla corresponde a la guía publicada.","guía:1.5750, talla:1.3298, publicado:1.3003, corresponder:1.1726"
"338","neutro","El producto se recibió en condiciones aceptables.","aceptable:1.5031, condición:1.2502, recibir:1.2502, producto:0.6934"
"339","neutro","La caja llegó cerrada y el contenido completo.","contenido:1.5750, cerrado:1.4473, caja:1.2740, completo:1.0078"
"340","neutro","El producto es similar a otros artículos de la misma categoría.","similar:1.6764, categoría:1.5750, artículo:0.8767, producto:0.6934"
"341","neutro","La app permitió completar la compra sin cambios importantes.","permitir:1.1176, importante:1.0021, completar:0.9649, cambio:0.8669, app:0.8189"
"342","neutro","El artículo cumple con las especificaciones generales.","especificación:1.6764, general:1.4473, cumplir:0.9755, artículo:0.8767"
"343","neutro","El pedido fue entregado en el domicilio registrado.","domicilio:1.5750, registrado:1.5031, entregar:1.4473, pedido:1.0351"
"344","neutro","El producto tiene un diseño común y funcional.","común:1.6764, funcional:1.5031, diseño:1.3298, producto:0.6934"
"345","neutro","Recibí el producto y pude usarlo de forma normal.","forma:1.5031, recibir:1.2502, normal:1.1565, producto:0.6934"
"346","neutro","El envío se realizó conforme al tiempo señalado.","conforme:1.6764, señalado:1.5750, envío:1.1726, tiempo:1.1565"
"347","neutro","El artículo es sencillo y cumple lo necesario.","necesario:1.6764, sencillo:1.1565, cumplir:0.9755, artículo:0.8767"
"348","neutro","El producto llegó sin daños visibles.","visible:2.2351, daño:2.1000, producto:0.9245"
"349","neutro","La compra quedó registrada correctamente en la app.","registrado:1.5031, correctamente:1.3003, app:1.2284, compra:0.9274"
"350","neutro","El producto corresponde al modelo seleccionado.","modelo:1.5750, seleccionado:1.5750, corresponder:1.1726, producto:0.6934"
"351","neutro","El artículo funciona de acuerdo con su categoría.","categoría:2.1000, artículo:1.1689, funcionar:1.1365"
"352","neutro","El paquete llegó con el contenido esperado.","contenido:2.1000, esperado:1.8176, paquete:1.5865"
"353","neutro","El producto es de uso básico y presentación regular.","regular:1.3632, básico:1.2084, presentación:1.0769, producto:0.6934"
"354","neutro","La entrega fue realizada sin incidencias.","incidencia:3.3527, entrega:2.4168"
"355","neutro","El artículo no presenta fallas aparentes.","aparente:1.6764, presentar:1.5031, falla:1.2284, artículo:0.8767"
"356","neutro","El producto tiene una calidad acorde al precio.","acorde:1.6764, precio:0.9993, calidad:0.8871, producto:0.6934"
"357","neutro","La información de la publicación coincide con el pedido.","información:1.5031, publicación:1.3298, coincidir:1.2502, pedido:1.0351"
"358","neutro","El producto llegó en condiciones normales.","condición:1.6669, normal:1.5420, producto:0.9245"
"359","neutro","El envío fue procesado de manera estándar.","procesar:2.2351, envío:1.5635, estándar:1.5635"
"360","neutro","El artículo es correcto para tareas simples.","tarea:1.6764, simple:1.5031, correcto:1.4017, artículo:0.8767"
"361","neutro","La compra fue completada y el producto fue entregado.","completar:1.4473, entregar:1.4473, compra:0.9274, producto:0.6934"
"362","neutro","El producto no tiene características especiales.","especial:2.2351, característica:2.0041, producto:0.9245"
"363","neutro","El paquete llegó con los accesorios indicados.","accesorio:1.7338, indicado:1.5865, paquete:1.5865"
"364","neutro","La prenda corresponde al color seleccionado.","seleccionado:1.5750, prenda:1.4473, color:1.3298, corresponder:1.1726"
"365","neutro","El producto puede utilizarse para lo que fue comprado.","comprar:2.4168, producto:1.3868"
"366","neutro","La entrega se completó sin reportes adicionales.","report:1.6764, completar:1.4473, adicional:1.4017, entrega:1.2084"
"367","neutro","El artículo es como aparece en la descripción.","aparecer:1.9297, descripción:1.5218, artículo:1.1689"
"368","neutro","El producto tiene funcionamiento regular.","funcionamiento:2.1000, regular:1.8176, producto:0.9245"
"369","neutro","Recibí el pedido completo y sin cambios.","cambio:1.3003, recibir:1.2502, pedido:1.0351, completo:1.0078"
"370","neutro","El producto es adecuado para uso ocasional.","ocasional:2.2351, adecuar:2.1000, producto:0.9245"
"371","neutro","El artículo llegó con su empaque original.","original:2.0041, empaque:1.6112, artículo:1.1689"
"372","neutro","El proceso de compra fue normal.","proceso:2.2351, normal:1.5420, compra:1.2366"
"373","neutro","El producto cumple con lo indicado en la ficha.","ficha:1.6764, indicado:1.1899, cumplir:0.9755, producto:0.6934"
"374","neutro","La entrega llegó en el horario aproximado.","aproximado:2.2351, horario:2.2351, entrega:1.6112"
"375","neutro","El artículo se ve igual al mostrado en la publicación.","mostrado:2.2351, publicación:1.7731, artículo:1.1689"
"376","neutro","El pedido fue entregado sin modificaciones.","modificación:2.2351, entregar:1.9297, pedido:1.3802"
"377","neutro","El producto tiene un desempeño esperado.","desempeño:2.2351, esperado:1.8176, producto:0.9245"
"378","neutro","La app mostró correctamente el estado del pedido.","mostrar:1.4017, correctamente:1.3003, app:1.2284, pedido:1.0351"
"379","neutro","El artículo llegó en condiciones de uso.","condición:2.5003, artículo:1.7534"
"380","neutro","El producto es simple y cumple su propósito.","propósito:1.6764, simple:1.5031, cumplir:0.9755, producto:0.6934"
"381","neutro","La compra no presentó problemas relevantes.","relevante:1.6764, presentar:1.5031, problema:1.1565, compra:0.9274"
"382","neutro","El paquete fue recibido en el tiempo señalado.","señalado:1.5750, recibir:1.2502, paquete:1.1899, tiempo:1.1565"
"383","neutro","El artículo corresponde a la cantidad solicitada.","cantidad:1.6764, solicitado:1.5031, corresponder:1.1726, artículo:0.8767"
"384","neutro","El producto es estándar dentro de su tipo.","tipo:2.2351, estándar:1.5635, producto:0.9245"
"385","neutro","La entrega fue registrada como completada.","completado:2.2351, registrar:2.2351, entrega:1.6112"
"386","neutro","El artículo puede usarse sin configuraciones complejas.","complejo:2.2351, configuración:2.2351, artículo:1.1689"
"387","neutro","El producto llegó con la información básica.","información:2.0041, básico:1.6112, producto:0.9245"
"388","neutro","La compra se realizó de manera habitual.","habitual:3.1500, compra:1.8549"
"389","neutro","El pedido llegó completo y sin comentarios adicionales.","comentario:1.5031, adicional:1.4017, pedido:1.0351, completo:1.0078"
"390","neutro","El producto tiene un uso sencillo.","sencillo:2.3130, producto:1.3868"
"391","neutro","El artículo fue entregado en el plazo indicado.","plazo:1.6764, entregar:1.4473, indicado:1.1899, artículo:0.8767"
"392","neutro","La presentación del producto es convencional.","convencional:2.2351, presentación:1.4359, producto:0.9245"
"393","neutro","El producto funciona de forma normal.","forma:1.5031, normal:1.1565, funcionar:0.8524, producto:0.6934"
"394","neutro","El pedido coincide con lo solicitado en la app.","solicitado:1.5031, coincidir:1.2502, app:1.2284, pedido:1.0351"
"395","neutro","El artículo llegó correctamente y se puede utilizar.","utilizar:2.2351, correctamente:1.7338, artículo:1.1689"
"396","neutro","El producto fue recibido dentro del periodo estimado; al revisarlo, corresponde al modelo publicado y no se identificaron diferencias importantes.","diferencia:0.6705, identificar:0.6705, periodo:0.6705, modelo:0.6300, importante:0.6012"
"397","neutro","La compra se completó de forma habitual, el seguimiento mostró los cambios de estado y el artículo llegó con las características indicadas.","habitual:0.6300, característica:0.6012, forma:0.6012, completar:0.5789, seguimiento:0.5789"
"398","neutro","El paquete contenía el producto solicitado y los accesorios mencionados en la descripción; no se realizaron observaciones adicionales.","contener:0.7450, mencionado:0.7450, solicitado:0.6680, adicional:0.6230, accesorio:0.5779"
"399","neutro","El artículo tiene un funcionamiento básico, suficiente para el uso indicado en la publicación, sin elementos destacables.","destacable:0.8382, elemento:0.8382, suficiente:0.8382, funcionamiento:0.7875, publicación:0.6649"
"400","neutro","La entrega se realizó en el domicilio registrado y el producto coincide con la información general que aparece en la tienda.","domicilio:0.7000, información:0.6680, registrado:0.6680, aparecer:0.6432, general:0.6432"
"401","neutro","El pantalón puede usarse para lo indicado.","pantalón:2.5003, indicado:2.3798"
"402","neutro","El cargador tiene presentación estándar.","cargador:1.7338, estándar:1.5635, presentación:1.4359"
"403","neutro","sinceramente La compra del secadora se realizó sin cambios.!!!","secadora:1.4473, cambio:1.3003, sinceramente:1.2740, compra:0.9274"
"404","neutro","El cargador llegó completo y sin observaciones.","cargador:1.7338, observación:1.7338, completo:1.3438"
"405","neutro","El teclado llegó en condiciones normales.","teclado:2.0041, condición:1.6669, normal:1.5420"
"406","neutro","mmm Recibí el reloj inteligente dentro del tiempo estimado. :)","estimado:0.9649, inteligente:0.9088, mmm:0.8865, recibir:0.8334, reloj:0.8334"
"407","neutro","El jabón es igual al publicado.","publicado:2.6007, jabón:2.5480"
"408","neutro","La compra del zapatos se realizó sin cambios.","zapato:1.8176, cambio:1.7338, compra:1.2366"
"409","neutro","El reloj inteligente llegó completo y sin observaciones.","inteligente:1.3632, observación:1.3003, reloj:1.2502, completo:1.0078"
"410","neutro","El protector solar corresponde a la descripción.","protector:1.5031, solar:1.5031, corresponder:1.1726, descripción:1.1413"
"411","neutro","El chamarra cumple con lo básico.","chamarra:1.7338, básico:1.6112, cumplir:1.3007"
"412","neutro","El cable USB cumple con lo básico.","usb:1.4473, cable:1.4017, básico:1.2084, cumplir:0.9755"
"413","neutro","mmm El gel tiene presentación estándar.!!!","gel:1.4473, mmm:1.3298, estándar:1.1726, presentación:1.0769"
"414","neutro","pues El taza corresponde a la descripción. jeje","taza:1.5750, jeje:1.2502, corresponder:1.1726, descripción:1.1413"
"415","neutro","El mouse cumple con lo básico.","mouse:1.7338, básico:1.6112, cumplir:1.3007"
"416","neutro","El tablet cumple con lo básico.","tablet:1.9297, básico:1.6112, cumplir:1.3007"
"417","neutro","El power bank puede usarse para lo indicado.","bank:1.7731, power:1.7731, indicado:1.5865"
"418","neutro","El muñeca llegó en condiciones normales.","muñeca:1.8689, condición:1.6669, normal:1.5420"
"419","neutro","El olla corresponde a la descripción.","olla:2.0041, corresponder:1.5635, descripción:1.5218"
"420","neutro","El tablet tiene presentación estándar.","tablet:1.9297, estándar:1.5635, presentación:1.4359"
"421","neutro","El perfume tiene presentación estándar. en fin","perfume:1.9297, estándar:1.5635, presentación:1.4359"
"422","neutro","El tabla para picar funciona de manera regular.","funciona:1.6764, picar:1.5031, tabla:1.5031, regular:1.3632"
"423","neutro","El juego de mesa tiene presentación estándar.","juego:1.4017, mesa:1.4017, estándar:1.1726, presentación:1.0769"
"424","neutro","El juguete funciona de manera regular.","regular:1.8176, juguete:1.6987, funcionar:1.1365"
"425","neutro","El gorra corresponde a la descripción.","gorra:1.8176, corresponder:1.5635, descripción:1.5218"
"426","neutro","El freidora tiene presentación estándar.","freidora:1.8689, estándar:1.5635, presentación:1.4359"
"427","neutro","El licuadora llegó en condiciones normales.","licuadora:1.7731, condición:1.6669, normal:1.5420"
"428","neutro","El zapatos es igual al publicado.","zapato:2.7263, publicado:2.6007"
"429","neutro","la verdad El cuchillo funciona de manera regular.","cuchillo:2.1000, regular:1.8176, funcionar:1.1365"
"430","neutro","La compra del licuadora se realizó sin cambios.","licuadora:1.7731, cambio:1.7338, compra:1.2366"
"431","neutro","El shampoo tiene presentación estándar.","shampoo:2.0041, estándar:1.5635, presentación:1.4359"
"432","neutro","ok, El teclado llegó en condiciones normales. :)","teclado:2.0041, condición:1.6669, normal:1.5420"
"433","neutro","El rompecabezas puede usarse para lo indicado.","rompecabezas:3.1500, indicado:2.3798"
"434","neutro","La compra del plancha de cabello se realizó sin cambios.","cabello:1.4473, plancha:1.4473, cambio:1.3003, compra:0.9274"
"435","neutro","la verdad El gorra tiene presentación estándar.","gorra:1.8176, estándar:1.5635, presentación:1.4359"
"436","neutro","El power bank es igual al publicado.","bank:1.7731, power:1.7731, publicado:1.7338"
"437","neutro","sinceramente Recibí el chamarra dentro del tiempo estimado. :(","estimado:1.1578, chamarra:1.0403, sinceramente:1.0192, recibir:1.0001, tiempo:0.9252"
"438","neutro","El molde llegó completo y sin observaciones. :)","molde:1.9297, observación:1.7338, completo:1.3438"
"439","neutro","El camiseta es igual al publicado. :(","camiseta:2.8034, publicado:2.6007"
"440","neutro","El blusa llegó completo y sin observaciones.","blusa:1.9297, observación:1.7338, completo:1.3438"
"441","neutro","El audífonos corresponde a la descripción.","audífono:1.8176, corresponder:1.5635, descripción:1.5218"
"442","neutro","El carrito tiene presentación estándar. :(","carrito:2.2351, estándar:1.5635, presentación:1.4359"
"443","neutro","El power bank tiene presentación estándar.","bank:1.3298, power:1.3298, estándar:1.1726, presentación:1.0769"
"444","neutro","El freidora corresponde a la descripción.","freidora:1.8689, corresponder:1.5635, descripción:1.5218"
"445","neutro","la verdad El short puede usarse para lo indicado.","short:2.8946, indicado:2.3798"
"446","neutro","La compra del molde se realizó sin cambios.","molde:1.9297, cambio:1.7338, compra:1.2366"
"447","neutro","El pelota llegó completo y sin observaciones.","pelota:1.9297, observación:1.7338, completo:1.3438"
"448","neutro","El drone infantil puede usarse para lo indicado.","drone:1.8689, infantil:1.8689, indicado:1.5865"
"449","neutro","El crema cumple con lo básico.!!!","crema:1.6669, básico:1.6112, cumplir:1.3007"
"450","neutro","ok, El mouse llegó completo y sin observaciones. pero bueno","mouse:1.7338, observación:1.7338, completo:1.3438"
"451","mixto","Bien, pero tarde.",""
"452","mixto","Funciona, pero llegó golpeado.","golpeado:2.4568, funcionar:1.7048"
"453","mixto","Me gustó, pero no tanto.","gustar:3.5919"
"454","mixto","Bueno aunque caro.","caro:6.3000"
"455","mixto","Sirve, pero raro.","raro:3.1500, servir:2.2014"
"456","mixto","Chido pero tardado.","tardado:3.3527, chido:3.1500"
"457","mixto","Bonito pero chico.","chico:3.1500, bonito:2.2827"
"458","mixto","Funciona pero se calienta.","calentar:2.8034, funcionar:1.7048"
"459","mixto","Cumple pero pudo ser mejor.","cumplir:3.9021"
"460","mixto","Ok pero incompleto.","incompleto:4.6905"
"461","mixto","esta padre pero tardo","padre:3.1500, tardo:3.1500"
"462","mixto","funciona bn pero venia golpeado","venia:2.0041, golpeado:1.6379, funcionar:1.1365"
"463","mixto","me gusto pero llego tarde","llegar:2.4568, gustar:1.7960"
"464","mixto","esta bonito aunq venia sucio","aunq:1.6764, sucio:1.5031, venia:1.5031, bonito:1.1413"
"465","mixto","sirve pero no es igual","servir:4.4029"
"466","mixto","buen precio pero mala caja","caja:1.6987, malo:1.4847, precio:1.3325"
"467","mixto","llego rapido pero rayado","rapido:2.1000, llego:1.8689, rayado:1.8689"
"468","mixto","cumple pero esperaba mas","esperar:2.2014, cumplir:1.9510"
"469","mixto","me gusto aunque no al 100","gusto:6.7054"
"470","mixto","esta bien pero no perfecto","perfecto:5.0960"
"471","mixto","El producto funciona bien, pero llegó con la caja un poco golpeada.","caja:1.2740, golpeado:1.2284, funcionar:0.8524, producto:0.6934"
"472","mixto","Me gustó el diseño, aunque la calidad del material pudo ser mejor.","diseño:1.3298, material:1.1271, gustar:0.8980, calidad:0.8871"
"473","mixto","Llegó rápido, pero el color no era exactamente el que pedí.","pedir:1.5750, exactamente:1.5031, color:1.3298, rápido:0.9993"
"474","mixto","La prenda está bonita, pero la talla viene algo reducida.","reducido:1.3411, prenda:1.1578, talla:1.0638, bonito:0.9131, venir:0.7686"
"475","mixto","El cargador funciona, aunque se calienta después de un rato.","rato:1.5750, calentar:1.4017, cargador:1.3003, funcionar:0.8524"
"476","mixto","El juguete le gustó a mi hijo, pero venía sin pilas.","hijo:1.3411, pila:1.2025, juguete:1.0192, venir:0.7686, gustar:0.7184"
"477","mixto","La crema huele bien, pero el envase llegó medio abierto.","envase:1.6764, oler:1.5031, crema:1.2502, abierto:1.1726"
"478","mixto","El sartén cocina bien, aunque se raya con facilidad.","cocín:1.6764, facilidad:1.6764, rayar:1.5750, sartén:1.4473"
"479","mixto","El producto es bueno, pero el envío tardó más de lo indicado.","indicado:1.1899, envío:1.1726, tardar:1.1413, producto:0.6934"
"480","mixto","La app es fácil de usar, pero el seguimiento del pedido falló.","seguimiento:1.1578, fácil:1.0403, fallar:1.0192, app:0.9827, pedido:0.8281"
"481","mixto","Me gustó el artículo, aunque el empaque venía maltratado.","maltratado:1.0403, empaque:0.9667, venir:0.7686, gustar:0.7184, artículo:0.7014"
"482","mixto","La bocina suena bien, pero la batería no dura tanto.","sonar:1.5750, bocina:1.3298, batería:1.2284, duro:1.2284"
"483","mixto","Los tenis son cómodos, aunque el color se ve diferente.","cómodo:1.8689, color:1.7731, tenis:1.6987"
"484","mixto","El producto cumple, pero esperaba mejores acabados.","acabado:1.4473, esperar:1.1007, cumplir:0.9755, producto:0.6934"
"485","mixto","Buen precio, aunque la calidad no es tan alta.","alto:2.2351, precio:1.3325, calidad:1.1828"
"486","mixto","El pedido llegó completo, pero un accesorio venía rayado.","rayado:1.1214, accesorio:1.0403, pedido:0.8281, completo:0.8063, venir:0.7686"
"487","mixto","La mochila es amplia, pero el cierre se siente débil.","amplio:1.5750, cierre:1.5750, débil:1.5031, mochilo:1.5031"
"488","mixto","El artículo funciona, aunque el manual es confuso.","confuso:1.6764, manual:1.4017, artículo:0.8767, funcionar:0.8524"
"489","mixto","La entrega fue puntual, pero el producto venía sucio.","puntual:1.2600, sucio:1.2025, entrega:0.9667, venir:0.7686, producto:0.5547"
"490","mixto","Me gustó la compra, pero el vendedor tardó en responder.","responder:1.2600, vendedor:1.0403, tardar:0.9131, compra:0.7419, gustar:0.7184"
"491","mixto","El producto se ve bien, aunque no parece muy resistente.","resistente:2.4168, producto:1.3868"
"492","mixto","La camiseta tiene buen diseño, pero la tela es delgada.","delgar:1.6764, camiseta:1.4017, tela:1.4017, diseño:1.3298"
"493","mixto","El reloj es bonito, pero llegó sin pila.","pila:2.0041, reloj:1.6669, bonito:1.5218"
"494","mixto","El producto funciona correctamente, aunque llegó tarde.","correctamente:1.7338, funcionar:1.1365, producto:0.9245"
"495","mixto","La calidad es aceptable, pero el precio me parece elevado.","elevado:1.6764, aceptable:1.5031, precio:0.9993, calidad:0.8871"
"496","mixto","El artículo es útil, aunque el empaque no protegía mucho.","protegiar:1.6764, útil:1.3003, empaque:1.2084, artículo:0.8767"
"497","mixto","La compra fue sencilla, pero el pago tardó en confirmarse.","pago:1.5031, sencillo:1.1565, tardar:1.1413, compra:0.9274"
"498","mixto","El producto llegó bien, aunque faltó una pieza pequeña.","faltar:1.5031, pequeño:1.4017, pieza:1.3632, producto:0.6934"
"499","mixto","El diseño me encantó, pero el material se siente frágil.","encantar:1.4017, frágil:1.3632, diseño:1.3298, material:1.1271"
"500","mixto","Funciona como esperaba, aunque hace más ruido del normal.","ruido:1.5031, normal:1.1565, esperar:1.1007, funcionar:0.8524"
"501","mixto","El envío fue rápido, pero el producto tenía un pequeño rayón.","pequeño:1.1214, rayón:1.0192, envío:0.9381, rápido:0.7995, producto:0.5547"
"502","mixto","La crema es buena, pero llegó con poca protección.","protección:3.0062, crema:2.5003"
"503","mixto","El juguete está bonito, aunque una parte se desprende fácil.","desprender:1.6764, fácil:1.3003, juguete:1.2740, bonito:1.1413"
"504","mixto","La licuadora tiene buena potencia, pero es muy ruidosa.","ruidoso:2.2351, potencia:2.0041, licuadora:1.7731"
"505","mixto","El producto es práctico, pero la instalación fue complicada.","instalación:1.6764, complicar:1.5750, práctico:1.5031, producto:0.6934"
"506","mixto","Me gustó mucho, aunque llegó con un detalle en la pintura.","pintura:2.2351, detalle:1.6379, gustar:1.1973"
"507","mixto","La calidad es buena, pero el paquete llegó abierto.","paquete:1.5865, abierto:1.5635, calidad:1.1828"
"508","mixto","El artículo sirve, aunque no trae todos los accesorios esperados.","traer:1.2600, esperado:1.0905, accesorio:1.0403, servir:0.8806, artículo:0.7014"
"509","mixto","El vendedor fue amable, pero el envío se demoró varios días.","amable:1.6764, demorar:1.6764, vendedor:1.3003, envío:1.1726"
"510","mixto","El producto es bonito, pero no coincide totalmente con la foto.","totalmente:1.3411, foto:1.0403, coincidir:1.0001, bonito:0.9131, producto:0.5547"
"511","mixto","Los audífonos se escuchan bien, aunque el cable parece débil.","débil:1.5031, escuchar:1.5031, cable:1.4017, audífono:1.3632"
"512","mixto","El pedido llegó completo, pero la caja estaba aplastada.","aplastado:1.5031, caja:1.2740, pedido:1.0351, completo:1.0078"
"513","mixto","La talla me quedó bien, aunque la tela se siente delgada.","delgado:2.1000, tela:1.8689, talla:1.7731"
"514","mixto","El producto cumple su función, pero no se ve muy durable.","durable:1.5750, función:1.4473, cumplir:0.9755, producto:0.6934"
"515","mixto","La app funcionó bien, pero la notificación de entrega llegó tarde.","notificación:1.6764, app:1.2284, entrega:1.2084, funcionar:0.8524"
"516","mixto","El artículo es bueno, aunque el precio pudo ser menor.","menor:2.2351, precio:1.3325, artículo:1.1689"
"517","mixto","Me gustó el producto, pero tardó mucho en llegar.","llegar:1.2284, tardar:1.1413, gustar:0.8980, producto:0.6934"
"518","mixto","El empaque estaba bonito, aunque el producto tenía polvo.","polvo:1.6764, empaque:1.2084, bonito:1.1413, producto:0.6934"
"519","mixto","La bocina tiene buen volumen, pero distorsiona un poco.","distorsionar:2.2351, volumen:2.1000, bocina:1.7731"
"520","mixto","El producto llegó rápido, pero no venía tan protegido.","protegido:1.4473, rápido:0.9993, venir:0.9608, producto:0.6934"
"521","mixto","El sartén funciona bien, aunque el mango se siente flojo.","mango:1.6764, flojo:1.5750, sartén:1.4473, funcionar:0.8524"
"522","mixto","La mochila está bonita, pero una costura viene chueca.","chueco:1.3411, costura:1.2600, mochilo:1.2025, bonito:0.9131, venir:0.7686"
"523","mixto","El artículo es correcto, aunque esperaba mejor presentación.","correcto:1.4017, esperar:1.1007, presentación:1.0769, artículo:0.8767"
"524","mixto","El producto es funcional, pero el color no me convenció.","convencer:1.6764, funcional:1.5031, color:1.3298, producto:0.6934"
"525","mixto","La compra fue buena, aunque la atención tardó en contestar.","atención:1.5031, contestar:1.4473, tardar:1.1413, compra:0.9274"
"526","mixto","El reloj se ve elegante, pero la correa es algo rígida.","correa:1.6764, rígido:1.6764, elegante:1.5750, reloj:1.2502"
"527","mixto","El producto llegó completo, aunque el manual venía doblado.","doblado:1.3411, manual:1.1214, completo:0.8063, venir:0.7686, producto:0.5547"
"528","mixto","Los tenis son cómodos, pero el pegamento se nota en una orilla.","orilla:1.3411, pegamento:1.3411, notar:1.2025, cómodo:1.1214, tenis:1.0192"
"529","mixto","El artículo tiene buena apariencia, pero pesa más de lo esperado.","apariencia:2.2351, esperado:1.8176, artículo:1.1689"
"530","mixto","La crema deja buena sensación, aunque el olor es muy fuerte.","dejar:1.3411, olor:1.3411, sensación:1.3411, fuerte:1.2600, crema:1.0001"
"531","mixto","Funciona bien, pero el botón principal se siente duro.","botón:1.6764, principal:1.6764, duro:1.2284, funcionar:0.8524"
"532","mixto","La calidad es decente, aunque no iguala lo que muestran las fotos.","decente:1.3411, igualar:1.3411, mostrar:1.1214, foto:1.0403, calidad:0.7097"
"533","mixto","El producto sirve para lo básico, pero esperaba más funciones.","función:1.1578, básico:0.9667, esperar:0.8806, servir:0.8806, producto:0.5547"
"534","mixto","Me gustó la rapidez del envío, pero el producto tenía un golpe.","rapidez:1.3411, golpe:1.2025, envío:0.9381, gustar:0.7184, producto:0.5547"
"535","mixto","El artículo llegó en tiempo, aunque el empaque venía abierto.","empaque:0.9667, abierto:0.9381, tiempo:0.9252, venir:0.7686, artículo:0.7014"
"536","mixto","La prenda está bonita, pero se arruga demasiado fácil.","arrugar:1.6764, prenda:1.4473, fácil:1.3003, bonito:1.1413"
"537","mixto","El producto es bueno en general, pero la garantía no venía clara.","garantía:1.6764, general:1.4473, venir:0.9608, producto:0.6934"
"538","mixto","El vendedor contestó, aunque tardó bastante en solucionar la duda.","solucionar:1.2600, contestar:1.1578, duda:1.1578, vendedor:1.0403, tardar:0.9131"
"539","mixto","El artículo llegó bien, pero la calidad del accesorio extra es baja.","extra:1.6764, accesorio:1.3003, calidad:0.8871, artículo:0.8767"
"540","mixto","La compra fue fácil, pero el producto no era tan grande como esperaba.","fácil:1.3003, esperar:1.1007, compra:0.9274, producto:0.6934"
"541","mixto","El producto funciona, aunque la batería baja más rápido de lo anunciado.","anunciado:1.2025, batería:0.9827, rápido:0.7995, funcionar:0.6819, producto:0.5547"
"542","mixto","Me gustó el precio, pero el material no se siente premium.","premium:1.6764, material:1.1271, precio:0.9993, gustar:0.8980"
"543","mixto","El envío fue correcto, aunque el producto llegó con una marca pequeña.","marca:1.2025, correcto:1.1214, pequeño:1.1214, envío:0.9381, producto:0.5547"
"544","mixto","El artículo cumple, pero requiere más cuidado del que imaginaba.","imaginar:1.3411, requerir:1.3411, cuidado:1.1578, cumplir:0.7804, artículo:0.7014"
"545","mixto","El producto me gustó, aunque tuvo detalles que podrían mejorar.","mejorar:1.5750, detalle:1.2284, gustar:0.8980, producto:0.6934"
"546","mixto","El artículo me pareció bueno en general porque funciona y tiene buen diseño, pero el empaque llegó abierto y eso me dejó con duda sobre el manejo del envío.","manejo:0.6705, parecer:0.6300, duda:0.5789, general:0.5789, diseño:0.5319"
"547","mixto","La experiencia de compra fue sencilla y el producto cumple su función, aunque esperaba una mejor calidad en los materiales y una entrega más cuidada.","cuidado:0.5263, función:0.5263, experiencia:0.5097, entrega:0.4394, sencillo:0.4205"
"548","mixto","Me agradó el producto porque es útil para el día a día, pero la publicación debería explicar mejor el tamaño real y los accesorios incluidos.","explicar:0.6705, incluido:0.6705, real:0.6705, agradar:0.6300, deber:0.6300"
"549","mixto","El pedido llegó dentro del tiempo marcado y sí corresponde a lo comprado, pero la caja venía maltratada y el producto tenía una marca pequeña.","comprado:0.6096, marcado:0.5727, marca:0.5466, pequeño:0.5097, maltratado:0.4729"
"550","mixto","La calidad es aceptable para el precio y funciona bien, aunque después de usarlo noté que algunos acabados podrían mejorar.","noté:0.9579, mejorar:0.9000, aceptable:0.8589, acabado:0.8270, precio:0.5711"
"551","mixto","pues Me gustó el precio del blusa, pero el material no tanto. :(","blusa:1.4473, material:1.1271, precio:0.9993, gustar:0.8980"
"552","mixto","Me gustó el precio del mouse, pero el material no tanto.","mouse:1.3003, material:1.1271, precio:0.9993, gustar:0.8980"
"553","mixto","El rasuradora funciona, pero la batería dura poco.","rasuradora:1.3632, batería:1.2284, duro:1.2284, funcionar:0.8524"
"554","mixto","El pantalón es útil, aunque venía incompleto.","útil:1.3003, pantalón:1.2502, incompleto:1.1726, venir:0.9608"
"555","mixto","pues El mouse está bonito, pero se siente frágil. :(","frágil:1.8176, mouse:1.7338, bonito:1.5218"
"556","mixto","ok, Me gustó el precio del gel, pero el material no tanto. :(","gel:1.4473, material:1.1271, precio:0.9993, gustar:0.8980"
"557","mixto","Me gustó el precio del figura, pero el material no tanto. jeje","figura:1.1214, jeje:1.0001, material:0.9016, precio:0.7995, gustar:0.7184"
"558","mixto","la verdad El zapatos funciona, pero la batería dura poco.","zapato:1.3632, batería:1.2284, duro:1.2284, funcionar:0.8524"
"559","mixto","El freidora cumple, aunque esperaba mejor calidad. pero bueno","freidora:1.4017, esperar:1.1007, cumplir:0.9755, calidad:0.8871"
"560","mixto","ok, Me gustó el precio del gorra, pero el material no tanto. pero bueno","gorra:1.3632, material:1.1271, precio:0.9993, gustar:0.8980"
"561","mixto","Me gustó el precio del muñeca, pero el material no tanto.","muñeca:1.4017, material:1.1271, precio:0.9993, gustar:0.8980"
"562","mixto","sinceramente Me gustó el tenis, aunque tardó en llegar. :(","sinceramente:1.0192, tenis:1.0192, llegar:0.9827, tardar:0.9131, gustar:0.7184"
"563","mixto","El jabón sirve, pero no es igual a la foto.","foto:1.7338, jabón:1.6987, servir:1.4676"
"564","mixto","ok, El zapatos llegó rápido, pero tenía un rayón. en fin","zapato:1.8176, rayón:1.6987, rápido:1.3325"
"565","mixto","El rasuradora funciona bien, pero llegó golpeado.","rasuradora:1.8176, golpeado:1.6379, funcionar:1.1365"
"566","mixto","El chamarra funciona bien, pero llegó golpeado.","chamarra:1.7338, golpeado:1.6379, funcionar:1.1365"
"567","mixto","Me gustó el precio del crema, pero el material no tanto.","crema:1.2502, material:1.1271, precio:0.9993, gustar:0.8980"
"568","mixto","El cable USB es útil, aunque venía incompleto.","usb:1.1578, cable:1.1214, útil:1.0403, incompleto:0.9381, venir:0.7686"
"569","mixto","la verdad Me gustó el precio del power bank, pero el material no tanto.!!!","bank:1.0638, power:1.0638, material:0.9016, precio:0.7995, gustar:0.7184"
"570","mixto","El cuchillo funciona bien, pero llegó golpeado.","cuchillo:2.1000, golpeado:1.6379, funcionar:1.1365"
"571","mixto","Me gustó el juego de mesa, aunque tardó en llegar.","juego:1.1214, mesa:1.1214, llegar:0.9827, tardar:0.9131, gustar:0.7184"
"572","mixto","El licuadora está bonito, pero se siente frágil.","frágil:1.8176, licuadora:1.7731, bonito:1.5218"
"573","mixto","El peluche cumple, aunque esperaba mejor calidad.","peluche:1.4473, esperar:1.1007, cumplir:0.9755, calidad:0.8871"
"574","mixto","Buen juego de mesa, pero el empaque venía abierto.","juego:1.1214, mesa:1.1214, empaque:0.9667, abierto:0.9381, venir:0.7686"
"575","mixto","El olla funciona, pero la batería dura poco.","olla:1.5031, batería:1.2284, duro:1.2284, funcionar:0.8524"
"576","mixto","El protector solar cumple, aunque esperaba mejor calidad.","protector:1.2025, solar:1.2025, esperar:0.8806, cumplir:0.7804, calidad:0.7097"
"577","mixto","El gorra es útil, aunque venía incompleto.","gorra:1.3632, útil:1.3003, incompleto:1.1726, venir:0.9608"
"578","mixto","El taza cumple, aunque esperaba mejor calidad.","taza:1.5750, esperar:1.1007, cumplir:0.9755, calidad:0.8871"
"579","mixto","El figura está bonito, pero se siente frágil.","figura:1.8689, frágil:1.8176, bonito:1.5218"
"580","mixto","El jabón es útil, aunque venía incompleto.","útil:1.3003, jabón:1.2740, incompleto:1.1726, venir:0.9608"
"581","mixto","El chamarra llegó rápido, pero tenía un rayón.","chamarra:1.7338, rayón:1.6987, rápido:1.3325"
"582","mixto","El pantalón sirve, pero no es igual a la foto.","foto:1.7338, pantalón:1.6669, servir:1.4676"
"583","mixto","El plancha de cabello llegó rápido, pero tenía un rayón.","cabello:1.4473, plancha:1.4473, rayón:1.2740, rápido:0.9993"
"584","mixto","El pelota sirve, pero no es igual a la foto.","pelota:1.9297, foto:1.7338, servir:1.4676"
"585","mixto","sinceramente Me gustó el figura, aunque tardó en llegar.","figura:1.1214, sinceramente:1.0192, llegar:0.9827, tardar:0.9131, gustar:0.7184"
"586","mixto","El shampoo sirve, pero no es igual a la foto.","shampoo:2.0041, foto:1.7338, servir:1.4676"
"587","mixto","El tabla para picar llegó rápido, pero tenía un rayón.","picar:1.5031, tabla:1.5031, rayón:1.2740, rápido:0.9993"
"588","mixto","El cepillo llegó rápido, pero tenía un rayón.","cepillo:2.1000, rayón:1.6987, rápido:1.3325"
"589","mixto","El crema llegó rápido, pero tenía un rayón.","rayón:1.6987, crema:1.6669, rápido:1.3325"
"590","mixto","El bocina es útil, aunque venía incompleto.","bocina:1.3298, útil:1.3003, incompleto:1.1726, venir:0.9608"
"591","mixto","El pantalón cumple, aunque esperaba mejor calidad.","pantalón:1.2502, esperar:1.1007, cumplir:0.9755, calidad:0.8871"
"592","mixto","Me gustó el jabón, aunque tardó en llegar.","jabón:1.2740, llegar:1.2284, tardar:1.1413, gustar:0.8980"
"593","mixto","Me gustó el precio del tenis, pero el material no tanto.","tenis:1.2740, material:1.1271, precio:0.9993, gustar:0.8980"
"594","mixto","El juguete funciona bien, pero llegó golpeado.","juguete:1.6987, golpeado:1.6379, funcionar:1.1365"
"595","mixto","ok, El drone infantil llegó rápido, pero tenía un rayón.!!!","drone:1.4017, infantil:1.4017, rayón:1.2740, rápido:0.9993"
"596","mixto","El pelota funciona, pero la batería dura poco.","pelota:1.4473, batería:1.2284, duro:1.2284, funcionar:0.8524"
"597","mixto","pues El lámpara led funciona, pero la batería dura poco. pero bueno","led:1.2600, lámpara:1.2600, batería:0.9827, duro:0.9827, funcionar:0.6819"
"598","mixto","El juego de mesa funciona bien, pero llegó golpeado.","juego:1.4017, mesa:1.4017, golpeado:1.2284, funcionar:0.8524"
"599","mixto","El mouse está bonito, pero se siente frágil.","frágil:1.8176, mouse:1.7338, bonito:1.5218"
"600","mixto","El short funciona, pero la batería dura poco.","short:1.4473, batería:1.2284, duro:1.2284, funcionar:0.8524"
