id,comentario_original,etiqueta_original,texto_limpio,tokens_utiles,palabras_frecuentes,sentimiento_calculado,evaluacion
1,"Excelente producto, llegó antes de lo esperado y en perfectas condiciones.",positivo,excelente producto llego antes de lo esperado y en perfectas condiciones,"excelente, producto, antes, esperado, perfectas, condiciones","excelente:1, producto:1, antes:1, esperado:1, perfectas:1",positivo,correcto
2,"Muy buena calidad, superó mis expectativas completamente.",positivo,muy buena calidad supero mis expectativas completamente,"buena, calidad, supero, expectativas, completamente","buena:1, calidad:1, supero:1, expectativas:1, completamente:1",positivo,correcto
3,"Lo recomiendo ampliamente, funciona perfecto desde el primer día.",positivo,lo recomiendo ampliamente funciona perfecto desde el primer dia,"recomiendo, ampliamente, funciona, perfecto, primer","recomiendo:1, ampliamente:1, funciona:1, perfecto:1, primer:1",positivo,correcto
4,Llegó bien empacado y funciona de maravilla.,positivo,llego bien empacado y funciona de maravilla,"bien, empacado, funciona, maravilla","bien:1, empacado:1, funciona:1, maravilla:1",positivo,correcto
5,"Increíble producto, vale cada centavo.",positivo,increible producto vale cada centavo,"increible, producto, vale, centavo","increible:1, producto:1, vale:1, centavo:1",positivo,correcto
6,El envío fue rapidísimo y el producto es exactamente lo que buscaba.,positivo,el envio fue rapidisimo y el producto es exactamente lo que buscaba,"envio, rapidisimo, producto, exactamente, buscaba","envio:1, rapidisimo:1, producto:1, exactamente:1, buscaba:1",positivo,correcto
7,"Muy satisfecho con mi compra, todo llegó en orden.",positivo,muy satisfecho con mi compra todo llego en orden,"satisfecho, compra, orden","satisfecho:1, compra:1, orden:1",positivo,correcto
8,"Buena calidad, buen precio. Definitivamente volvería a comprar.",positivo,buena calidad buen precio definitivamente volveria a comprar,"buena, calidad, buen, precio, definitivamente, volveria, comprar","buena:1, calidad:1, buen:1, precio:1, definitivamente:1",positivo,correcto
9,"Funciona perfecto, mi familia quedó encantada con el producto.",positivo,funciona perfecto mi familia quedo encantada con el producto,"funciona, perfecto, familia, quedo, encantada, producto","funciona:1, perfecto:1, familia:1, quedo:1, encantada:1",positivo,correcto
10,"Excelente vendedor, muy buena comunicación y producto de calidad.",positivo,excelente vendedor muy buena comunicacion y producto de calidad,"excelente, vendedor, buena, comunicacion, producto, calidad","excelente:1, vendedor:1, buena:1, comunicacion:1, producto:1",positivo,correcto
11,"Me llegó en tiempo y forma, sin ningún problema.",positivo,me llego en tiempo y forma sin ningun problema,"tiempo, forma, problema","tiempo:1, forma:1, problema:1",neutro,revisar
12,La calidad es mucho mejor de lo que esperaba por ese precio.,positivo,la calidad es mucho mejor de lo que esperaba por ese precio,"calidad, mejor, esperaba, precio","calidad:1, mejor:1, esperaba:1, precio:1",positivo,correcto
13,"Producto auténtico, tal como se describe. Muy contento.",positivo,producto autentico tal como se describe muy contento,"producto, autentico, tal, describe, contento","producto:1, autentico:1, tal:1, describe:1, contento:1",positivo,correcto
14,"Perfectamente embalado, sin daños. Funciona al 100%.",positivo,perfectamente embalado sin danos funciona al 100,"perfectamente, embalado, danos, funciona, 100","perfectamente:1, embalado:1, danos:1, funciona:1, 100:1",positivo,correcto
15,"Gran compra, lo recomiendo sin dudarlo.",positivo,gran compra lo recomiendo sin dudarlo,"gran, compra, recomiendo, dudarlo","gran:1, compra:1, recomiendo:1, dudarlo:1",positivo,correcto
16,El producto llegó rápido y está en perfectas condiciones.,positivo,el producto llego rapido y esta en perfectas condiciones,"producto, rapido, perfectas, condiciones","producto:1, rapido:1, perfectas:1, condiciones:1",positivo,correcto
17,"Estoy muy contento, el artículo es de excelente calidad.",positivo,estoy muy contento el articulo es de excelente calidad,"estoy, contento, articulo, excelente, calidad","estoy:1, contento:1, articulo:1, excelente:1, calidad:1",positivo,correcto
18,"Superó todas mis expectativas, volveré a comprar.",positivo,supero todas mis expectativas volvere a comprar,"supero, expectativas, volvere, comprar","supero:1, expectativas:1, volvere:1, comprar:1",positivo,correcto
19,"Muy buen artículo, precio justo y envío rápido.",positivo,muy buen articulo precio justo y envio rapido,"buen, articulo, precio, justo, envio, rapido","buen:1, articulo:1, precio:1, justo:1, envio:1",positivo,correcto
20,"Producto de alta calidad, llegó perfectamente empacado.",positivo,producto de alta calidad llego perfectamente empacado,"producto, alta, calidad, perfectamente, empacado","producto:1, alta:1, calidad:1, perfectamente:1, empacado:1",positivo,correcto
21,"Me encantó, es exactamente como en las fotos.",positivo,me encanto es exactamente como en las fotos,"encanto, exactamente, fotos","encanto:1, exactamente:1, fotos:1",positivo,correcto
22,"Excelente relación calidad-precio, muy recomendable.",positivo,excelente relacion calidad precio muy recomendable,"excelente, relacion, calidad, precio, recomendable","excelente:1, relacion:1, calidad:1, precio:1, recomendable:1",positivo,correcto
23,El artículo llegó antes de lo esperado y en buen estado.,positivo,el articulo llego antes de lo esperado y en buen estado,"articulo, antes, esperado, buen, estado","articulo:1, antes:1, esperado:1, buen:1, estado:1",positivo,correcto
24,"Muy conforme con la compra, el producto es de primera.",positivo,muy conforme con la compra el producto es de primera,"conforme, compra, producto, primera","conforme:1, compra:1, producto:1, primera:1",positivo,correcto
25,"Muy buen producto, el vendedor respondió rápido mis dudas.",positivo,muy buen producto el vendedor respondio rapido mis dudas,"buen, producto, vendedor, respondio, rapido, dudas","buen:1, producto:1, vendedor:1, respondio:1, rapido:1",positivo,correcto
26,"Todo perfecto, desde el embalaje hasta el funcionamiento.",positivo,todo perfecto desde el embalaje hasta el funcionamiento,"perfecto, embalaje, funcionamiento","perfecto:1, embalaje:1, funcionamiento:1",positivo,correcto
27,Llegó en tiempo récord y funciona de manera excelente.,positivo,llego en tiempo record y funciona de manera excelente,"tiempo, record, funciona, manera, excelente","tiempo:1, record:1, funciona:1, manera:1, excelente:1",positivo,correcto
28,"Producto de calidad premium, muy satisfecho con la compra.",positivo,producto de calidad premium muy satisfecho con la compra,"producto, calidad, premium, satisfecho, compra","producto:1, calidad:1, premium:1, satisfecho:1, compra:1",positivo,correcto
29,"Excelente experiencia de compra, lo recomiendo totalmente.",positivo,excelente experiencia de compra lo recomiendo totalmente,"excelente, experiencia, compra, recomiendo, totalmente","excelente:1, experiencia:1, compra:1, recomiendo:1, totalmente:1",positivo,correcto
30,El producto es tal cual lo describe el vendedor. Muy bueno.,positivo,el producto es tal cual lo describe el vendedor muy bueno,"producto, tal, cual, describe, vendedor, bueno","producto:1, tal:1, cual:1, describe:1, vendedor:1",positivo,correcto
31,Muy buen producto y excelente atención al cliente.,positivo,muy buen producto y excelente atencion al cliente,"buen, producto, excelente, atencion, cliente","buen:1, producto:1, excelente:1, atencion:1, cliente:1",positivo,correcto
32,"Llegó rápido, bien empacado y en perfectas condiciones.",positivo,llego rapido bien empacado y en perfectas condiciones,"rapido, bien, empacado, perfectas, condiciones","rapido:1, bien:1, empacado:1, perfectas:1, condiciones:1",positivo,correcto
33,"Producto genial, mis hijos quedaron felices.",positivo,producto genial mis hijos quedaron felices,"producto, genial, hijos, quedaron, felices","producto:1, genial:1, hijos:1, quedaron:1, felices:1",positivo,correcto
34,"Funciona perfecto desde el primer uso, muy contento.",positivo,funciona perfecto desde el primer uso muy contento,"funciona, perfecto, primer, uso, contento","funciona:1, perfecto:1, primer:1, uso:1, contento:1",positivo,correcto
35,"Excelente compra, lo mejor que he adquirido en línea.",positivo,excelente compra lo mejor que he adquirido en linea,"excelente, compra, mejor, adquirido, linea","excelente:1, compra:1, mejor:1, adquirido:1, linea:1",positivo,correcto
36,"Muy buena calidad, sin defectos. 100% recomendado.",positivo,muy buena calidad sin defectos 100 recomendado,"buena, calidad, defectos, 100, recomendado","buena:1, calidad:1, defectos:1, 100:1, recomendado:1",positivo,correcto
37,El envío fue muy rápido y el producto es de excelente calidad.,positivo,el envio fue muy rapido y el producto es de excelente calidad,"envio, rapido, producto, excelente, calidad","envio:1, rapido:1, producto:1, excelente:1, calidad:1",positivo,correcto
38,"Satisfecho al 100%, producto tal como se describe.",positivo,satisfecho al 100 producto tal como se describe,"satisfecho, 100, producto, tal, describe","satisfecho:1, 100:1, producto:1, tal:1, describe:1",positivo,correcto
39,Producto de calidad y precio accesible. Lo recomiendo.,positivo,producto de calidad y precio accesible lo recomiendo,"producto, calidad, precio, accesible, recomiendo","producto:1, calidad:1, precio:1, accesible:1, recomiendo:1",positivo,correcto
40,"Todo en orden, el artículo cumple todas mis expectativas.",positivo,todo en orden el articulo cumple todas mis expectativas,"orden, articulo, cumple, expectativas","orden:1, articulo:1, cumple:1, expectativas:1",positivo,correcto
41,"El producto llegó perfecto, el vendedor es confiable.",positivo,el producto llego perfecto el vendedor es confiable,"producto, perfecto, vendedor, confiable","producto:1, perfecto:1, vendedor:1, confiable:1",positivo,correcto
42,"Muy buen artículo, lo usé de inmediato y funciona perfecto.",positivo,muy buen articulo lo use de inmediato y funciona perfecto,"buen, articulo, use, inmediato, funciona, perfecto","buen:1, articulo:1, use:1, inmediato:1, funciona:1",positivo,correcto
43,"Excelente calidad, diseño elegante y precio razonable.",positivo,excelente calidad diseno elegante y precio razonable,"excelente, calidad, diseno, elegante, precio, razonable","excelente:1, calidad:1, diseno:1, elegante:1, precio:1",positivo,correcto
44,"Llevo una semana usándolo y sin ningún problema, genial.",positivo,llevo una semana usandolo y sin ningun problema genial,"llevo, semana, usandolo, problema, genial","llevo:1, semana:1, usandolo:1, problema:1, genial:1",positivo,correcto
45,"Producto muy bueno, llegó antes de lo prometido.",positivo,producto muy bueno llego antes de lo prometido,"producto, bueno, antes, prometido","producto:1, bueno:1, antes:1, prometido:1",positivo,correcto
46,"El artículo es igual a las fotos, de muy buena calidad.",positivo,el articulo es igual a las fotos de muy buena calidad,"articulo, igual, fotos, buena, calidad","articulo:1, igual:1, fotos:1, buena:1, calidad:1",positivo,correcto
47,"Quedé muy satisfecho, el envío fue rápido y el producto impecable.",positivo,quede muy satisfecho el envio fue rapido y el producto impecable,"quede, satisfecho, envio, rapido, producto, impecable","quede:1, satisfecho:1, envio:1, rapido:1, producto:1",positivo,correcto
48,"Funciona a la perfección, justo lo que necesitaba.",positivo,funciona a la perfeccion justo lo que necesitaba,"funciona, perfeccion, justo, necesitaba","funciona:1, perfeccion:1, justo:1, necesitaba:1",positivo,correcto
49,"Todo excelente, desde la compra hasta la entrega.",positivo,todo excelente desde la compra hasta la entrega,"excelente, compra, entrega","excelente:1, compra:1, entrega:1",positivo,correcto
50,"Recomendado al 100%, producto de calidad garantizada.",positivo,recomendado al 100 producto de calidad garantizada,"recomendado, 100, producto, calidad, garantizada","recomendado:1, 100:1, producto:1, calidad:1, garantizada:1",positivo,correcto
51,El producto llegó muy bien embalado y funciona perfecto.,positivo,el producto llego muy bien embalado y funciona perfecto,"producto, bien, embalado, funciona, perfecto","producto:1, bien:1, embalado:1, funciona:1, perfecto:1",positivo,correcto
52,"Excelente vendedor, envío rápido y producto de calidad.",positivo,excelente vendedor envio rapido y producto de calidad,"excelente, vendedor, envio, rapido, producto, calidad","excelente:1, vendedor:1, envio:1, rapido:1, producto:1",positivo,correcto
53,"Muy buena compra, el artículo superó mis expectativas.",positivo,muy buena compra el articulo supero mis expectativas,"buena, compra, articulo, supero, expectativas","buena:1, compra:1, articulo:1, supero:1, expectativas:1",positivo,correcto
54,"Producto de primera, el empaque estaba impecable.",positivo,producto de primera el empaque estaba impecable,"producto, primera, empaque, impecable","producto:1, primera:1, empaque:1, impecable:1",positivo,correcto
55,Llegó antes del tiempo estimado y en perfectas condiciones.,positivo,llego antes del tiempo estimado y en perfectas condiciones,"antes, tiempo, estimado, perfectas, condiciones","antes:1, tiempo:1, estimado:1, perfectas:1, condiciones:1",neutro,revisar
56,"Muy contento con mi compra, el artículo es de calidad.",positivo,muy contento con mi compra el articulo es de calidad,"contento, compra, articulo, calidad","contento:1, compra:1, articulo:1, calidad:1",positivo,correcto
57,"Excelente artículo, fácil de usar y muy duradero.",positivo,excelente articulo facil de usar y muy duradero,"excelente, articulo, facil, usar, duradero","excelente:1, articulo:1, facil:1, usar:1, duradero:1",positivo,correcto
58,"Rápida entrega, producto en perfectas condiciones.",positivo,rapida entrega producto en perfectas condiciones,"rapida, entrega, producto, perfectas, condiciones","rapida:1, entrega:1, producto:1, perfectas:1, condiciones:1",neutro,revisar
59,"Muy satisfecho, el producto funciona excelente.",positivo,muy satisfecho el producto funciona excelente,"satisfecho, producto, funciona, excelente","satisfecho:1, producto:1, funciona:1, excelente:1",positivo,correcto
60,"Gran producto, gran vendedor. Volveré a comprar.",positivo,gran producto gran vendedor volvere a comprar,"gran, producto, gran, vendedor, volvere, comprar","gran:2, producto:1, vendedor:1, volvere:1, comprar:1",neutro,revisar
61,"Todo llegó perfecto, el producto es de alta calidad.",positivo,todo llego perfecto el producto es de alta calidad,"perfecto, producto, alta, calidad","perfecto:1, producto:1, alta:1, calidad:1",positivo,correcto
62,"Excelente calidad-precio, lo recomiendo ampliamente.",positivo,excelente calidad precio lo recomiendo ampliamente,"excelente, calidad, precio, recomiendo, ampliamente","excelente:1, calidad:1, precio:1, recomiendo:1, ampliamente:1",positivo,correcto
63,El envío fue muy puntual y el producto sin fallas.,positivo,el envio fue muy puntual y el producto sin fallas,"envio, puntual, producto, fallas","envio:1, puntual:1, producto:1, fallas:1",mixto,revisar
64,"Producto de calidad, llegó embalado correctamente.",positivo,producto de calidad llego embalado correctamente,"producto, calidad, embalado, correctamente","producto:1, calidad:1, embalado:1, correctamente:1",positivo,correcto
65,"Me gustó mucho el artículo, cumple perfectamente su función.",positivo,me gusto mucho el articulo cumple perfectamente su funcion,"gusto, articulo, cumple, perfectamente, funcion","gusto:1, articulo:1, cumple:1, perfectamente:1, funcion:1",positivo,correcto
66,"Muy buen producto, lo recomendaría a cualquiera.",positivo,muy buen producto lo recomendaria a cualquiera,"buen, producto, recomendaria, cualquiera","buen:1, producto:1, recomendaria:1, cualquiera:1",positivo,correcto
67,"Excelente, el artículo es tal como se describe. Muy feliz.",positivo,excelente el articulo es tal como se describe muy feliz,"excelente, articulo, tal, describe, feliz","excelente:1, articulo:1, tal:1, describe:1, feliz:1",positivo,correcto
68,Llegó rápido y bien empacado. Producto de alta calidad.,positivo,llego rapido y bien empacado producto de alta calidad,"rapido, bien, empacado, producto, alta, calidad","rapido:1, bien:1, empacado:1, producto:1, alta:1",positivo,correcto
69,"Muy buen artículo, funciona a la perfección desde el primer día.",positivo,muy buen articulo funciona a la perfeccion desde el primer dia,"buen, articulo, funciona, perfeccion, primer","buen:1, articulo:1, funciona:1, perfeccion:1, primer:1",positivo,correcto
70,"Producto genial, el envío muy rápido. Totalmente recomendado.",positivo,producto genial el envio muy rapido totalmente recomendado,"producto, genial, envio, rapido, totalmente, recomendado","producto:1, genial:1, envio:1, rapido:1, totalmente:1",positivo,correcto
71,"Excelente experiencia, el producto superó mis expectativas.",positivo,excelente experiencia el producto supero mis expectativas,"excelente, experiencia, producto, supero, expectativas","excelente:1, experiencia:1, producto:1, supero:1, expectativas:1",positivo,correcto
72,Muy buena calidad y precio justo. Lo recomiendo.,positivo,muy buena calidad y precio justo lo recomiendo,"buena, calidad, precio, justo, recomiendo","buena:1, calidad:1, precio:1, justo:1, recomiendo:1",positivo,correcto
73,"Quedé encantado con el producto, llegó impecable.",positivo,quede encantado con el producto llego impecable,"quede, encantado, producto, impecable","quede:1, encantado:1, producto:1, impecable:1",positivo,correcto
74,"Todo perfecto, producto de calidad y envío veloz.",positivo,todo perfecto producto de calidad y envio veloz,"perfecto, producto, calidad, envio, veloz","perfecto:1, producto:1, calidad:1, envio:1, veloz:1",positivo,correcto
75,"Increíble relación calidad-precio, sin duda lo recomiendo.",positivo,increible relacion calidad precio sin duda lo recomiendo,"increible, relacion, calidad, precio, duda, recomiendo","increible:1, relacion:1, calidad:1, precio:1, duda:1",positivo,correcto
76,"Producto llegó roto, muy decepcionado con la compra.",negativo,producto llego roto muy decepcionado con la compra,"producto, roto, decepcionado, compra","producto:1, roto:1, decepcionado:1, compra:1",negativo,correcto
77,Tardó demasiado en llegar y cuando llegó estaba dañado.,negativo,tardo demasiado en llegar y cuando llego estaba danado,"tardo, demasiado, danado","tardo:1, demasiado:1, danado:1",negativo,correcto
78,"Pésima calidad, se rompió al primer uso.",negativo,pesima calidad se rompio al primer uso,"pesima, calidad, rompio, primer, uso","pesima:1, calidad:1, rompio:1, primer:1, uso:1",mixto,revisar
79,El producto no es como en las fotos. Me sentí estafado.,negativo,el producto no es como en las fotos me senti estafado,"producto, fotos, senti, estafado","producto:1, fotos:1, senti:1, estafado:1",negativo,correcto
80,"Muy mala experiencia, el vendedor no respondió mis mensajes.",negativo,muy mala experiencia el vendedor no respondio mis mensajes,"mala, experiencia, vendedor, respondio, mensajes","mala:1, experiencia:1, vendedor:1, respondio:1, mensajes:1",negativo,correcto
81,"El artículo llegó incompleto, faltaban piezas esenciales.",negativo,el articulo llego incompleto faltaban piezas esenciales,"articulo, incompleto, faltaban, piezas, esenciales","articulo:1, incompleto:1, faltaban:1, piezas:1, esenciales:1",negativo,correcto
82,"Producto de muy baja calidad, no lo recomiendo para nada.",negativo,producto de muy baja calidad no lo recomiendo para nada,"producto, baja, calidad, recomiendo","producto:1, baja:1, calidad:1, recomiendo:1",mixto,revisar
83,"El envío tardó el doble de lo prometido, muy molesto.",negativo,el envio tardo el doble de lo prometido muy molesto,"envio, tardo, doble, prometido, molesto","envio:1, tardo:1, doble:1, prometido:1, molesto:1",negativo,correcto
84,Llegó con la caja destruida y el producto rayado.,negativo,llego con la caja destruida y el producto rayado,"caja, destruida, producto, rayado","caja:1, destruida:1, producto:1, rayado:1",negativo,correcto
85,No funciona como se describe. Completamente inútil.,negativo,no funciona como se describe completamente inutil,"funciona, describe, completamente, inutil","funciona:1, describe:1, completamente:1, inutil:1",neutro,revisar
86,"Pésimo vendedor, no hace seguimiento del envío.",negativo,pesimo vendedor no hace seguimiento del envio,"pesimo, vendedor, seguimiento, envio","pesimo:1, vendedor:1, seguimiento:1, envio:1",negativo,correcto
87,"El producto huele muy mal, parece usado o de segunda mano.",negativo,el producto huele muy mal parece usado o de segunda mano,"producto, huele, mal, parece, usado, segunda, mano","producto:1, huele:1, mal:1, parece:1, usado:1",negativo,correcto
88,"No vale lo que cuesta, calidad muy inferior a lo esperado.",negativo,no vale lo que cuesta calidad muy inferior a lo esperado,"vale, cuesta, calidad, inferior, esperado","vale:1, cuesta:1, calidad:1, inferior:1, esperado:1",positivo,revisar
89,"El artículo llegó en mal estado, el empaque estaba abierto.",negativo,el articulo llego en mal estado el empaque estaba abierto,"articulo, mal, estado, empaque, abierto","articulo:1, mal:1, estado:1, empaque:1, abierto:1",neutro,revisar
90,Muy decepcionado con la compra. Nunca más compraré aquí.,negativo,muy decepcionado con la compra nunca mas comprare aqui,"decepcionado, compra, nunca, comprare, aqui","decepcionado:1, compra:1, nunca:1, comprare:1, aqui:1",negativo,correcto
91,"El producto no enciende, llegó sin funcionar.",negativo,el producto no enciende llego sin funcionar,"producto, enciende, funcionar","producto:1, enciende:1, funcionar:1",neutro,revisar
92,"Muy mala calidad, el material es plástico barato.",negativo,muy mala calidad el material es plastico barato,"mala, calidad, material, plastico, barato","mala:1, calidad:1, material:1, plastico:1, barato:1",mixto,revisar
93,Tardaron semanas en entregar y llegó dañado. Inaceptable.,negativo,tardaron semanas en entregar y llego danado inaceptable,"tardaron, semanas, entregar, danado, inaceptable","tardaron:1, semanas:1, entregar:1, danado:1, inaceptable:1",negativo,correcto
94,El color del producto es completamente diferente al de las fotos.,negativo,el color del producto es completamente diferente al de las fotos,"color, producto, completamente, diferente, fotos","color:1, producto:1, completamente:1, diferente:1, fotos:1",neutro,revisar
95,"No sirve, tuve que devolverlo inmediatamente.",negativo,no sirve tuve que devolverlo inmediatamente,"sirve, tuve, devolverlo, inmediatamente","sirve:1, tuve:1, devolverlo:1, inmediatamente:1",neutro,revisar
96,Artículo defectuoso desde el primer uso. Muy molesto.,negativo,articulo defectuoso desde el primer uso muy molesto,"articulo, defectuoso, primer, uso, molesto","articulo:1, defectuoso:1, primer:1, uso:1, molesto:1",negativo,correcto
97,"Pésima experiencia de compra, el vendedor es irresponsable.",negativo,pesima experiencia de compra el vendedor es irresponsable,"pesima, experiencia, compra, vendedor, irresponsable","pesima:1, experiencia:1, compra:1, vendedor:1, irresponsable:1",negativo,correcto
98,El producto se desarmó al primer día de uso. Muy mala calidad.,negativo,el producto se desarmo al primer dia de uso muy mala calidad,"producto, desarmo, primer, uso, mala, calidad","producto:1, desarmo:1, primer:1, uso:1, mala:1",mixto,revisar
99,El envío fue un desastre y el producto llegó en malas condiciones.,negativo,el envio fue un desastre y el producto llego en malas condiciones,"envio, desastre, producto, malas, condiciones","envio:1, desastre:1, producto:1, malas:1, condiciones:1",negativo,correcto
100,"No recomiendo este vendedor, el producto no cumple lo prometido.",negativo,no recomiendo este vendedor el producto no cumple lo prometido,"recomiendo, vendedor, producto, cumple, prometido","recomiendo:1, vendedor:1, producto:1, cumple:1, prometido:1",positivo,revisar
101,"La calidad es una decepción total, no vale la pena.",negativo,la calidad es una decepcion total no vale la pena,"calidad, decepcion, total, vale, pena","calidad:1, decepcion:1, total:1, vale:1, pena:1",mixto,revisar
102,El producto llegó con piezas faltantes y sin instrucciones.,negativo,el producto llego con piezas faltantes y sin instrucciones,"producto, piezas, faltantes, instrucciones","producto:1, piezas:1, faltantes:1, instrucciones:1",neutro,revisar
103,Muy mala compra. El artículo no funciona correctamente.,negativo,muy mala compra el articulo no funciona correctamente,"mala, compra, articulo, funciona, correctamente","mala:1, compra:1, articulo:1, funciona:1, correctamente:1",mixto,revisar
104,"El vendedor ignoró mis reclamaciones, pésimo servicio.",negativo,el vendedor ignoro mis reclamaciones pesimo servicio,"vendedor, ignoro, reclamaciones, pesimo, servicio","vendedor:1, ignoro:1, reclamaciones:1, pesimo:1, servicio:1",mixto,revisar
105,El empaque estaba completamente destruido al llegar.,negativo,el empaque estaba completamente destruido al llegar,"empaque, completamente, destruido","empaque:1, completamente:1, destruido:1",neutro,revisar
106,"No coincide con la descripción, me siento engañado.",negativo,no coincide con la descripcion me siento enganado,"coincide, descripcion, siento, enganado","coincide:1, descripcion:1, siento:1, enganado:1",neutro,revisar
107,"Producto falsificado, no es la marca original que anunciaban.",negativo,producto falsificado no es la marca original que anunciaban,"producto, falsificado, marca, original, anunciaban","producto:1, falsificado:1, marca:1, original:1, anunciaban:1",positivo,revisar
108,"Llegó tarde y en malas condiciones, muy frustrado.",negativo,llego tarde y en malas condiciones muy frustrado,"tarde, malas, condiciones, frustrado","tarde:1, malas:1, condiciones:1, frustrado:1",negativo,correcto
109,"El artículo es de plástico muy frágil, se rompió al sacarlo.",negativo,el articulo es de plastico muy fragil se rompio al sacarlo,"articulo, plastico, fragil, rompio, sacarlo","articulo:1, plastico:1, fragil:1, rompio:1, sacarlo:1",negativo,correcto
110,"Muy mala experiencia, no volvería a comprar en esta tienda.",negativo,muy mala experiencia no volveria a comprar en esta tienda,"mala, experiencia, volveria, comprar, tienda","mala:1, experiencia:1, volveria:1, comprar:1, tienda:1",negativo,correcto
111,El producto no enciende ni con las pilas nuevas.,negativo,el producto no enciende ni con las pilas nuevas,"producto, enciende, pilas, nuevas","producto:1, enciende:1, pilas:1, nuevas:1",neutro,revisar
112,Esperé semanas y el producto llegó incorrecto. Horrible.,negativo,espere semanas y el producto llego incorrecto horrible,"espere, semanas, producto, incorrecto, horrible","espere:1, semanas:1, producto:1, incorrecto:1, horrible:1",negativo,correcto
113,"El material es de muy baja calidad, no dura nada.",negativo,el material es de muy baja calidad no dura nada,"material, baja, calidad, dura","material:1, baja:1, calidad:1, dura:1",mixto,revisar
114,"Pésimo empaque, el producto llegó todo golpeado.",negativo,pesimo empaque el producto llego todo golpeado,"pesimo, empaque, producto, golpeado","pesimo:1, empaque:1, producto:1, golpeado:1",negativo,correcto
115,El artículo es mucho más pequeño de lo que indicaban las medidas.,negativo,el articulo es mucho mas pequeno de lo que indicaban las medidas,"articulo, pequeno, indicaban, medidas","articulo:1, pequeno:1, indicaban:1, medidas:1",neutro,revisar
116,"Producto inútil, no cumple ninguna de sus funciones.",negativo,producto inutil no cumple ninguna de sus funciones,"producto, inutil, cumple, funciones","producto:1, inutil:1, cumple:1, funciones:1",positivo,revisar
117,Me llegó un producto diferente al que compré. Inaceptable.,negativo,me llego un producto diferente al que compre inaceptable,"producto, diferente, compre, inaceptable","producto:1, diferente:1, compre:1, inaceptable:1",negativo,correcto
118,El vendedor no responde y el producto está defectuoso.,negativo,el vendedor no responde y el producto esta defectuoso,"vendedor, responde, producto, defectuoso","vendedor:1, responde:1, producto:1, defectuoso:1",negativo,correcto
119,"Muy decepcionante, la calidad es pésima para el precio que tiene.",negativo,muy decepcionante la calidad es pesima para el precio que tiene,"decepcionante, calidad, pesima, precio","decepcionante:1, calidad:1, pesima:1, precio:1",mixto,revisar
120,El artículo llegó sin garantía y con fallas evidentes.,negativo,el articulo llego sin garantia y con fallas evidentes,"articulo, garantia, fallas, evidentes","articulo:1, garantia:1, fallas:1, evidentes:1",negativo,correcto
121,"No vale ni la mitad de lo que cuesta, una estafa total.",negativo,no vale ni la mitad de lo que cuesta una estafa total,"vale, mitad, cuesta, estafa, total","vale:1, mitad:1, cuesta:1, estafa:1, total:1",negativo,correcto
122,"Producto con fallas de fábrica, completamente inservible.",negativo,producto con fallas de fabrica completamente inservible,"producto, fallas, fabrica, completamente, inservible","producto:1, fallas:1, fabrica:1, completamente:1, inservible:1",negativo,correcto
123,Tardó demasiado en llegar y no es lo que pedí. Terrible.,negativo,tardo demasiado en llegar y no es lo que pedi terrible,"tardo, demasiado, pedi, terrible","tardo:1, demasiado:1, pedi:1, terrible:1",negativo,correcto
124,"Muy mala compra, el artículo se deterioró en días.",negativo,muy mala compra el articulo se deterioro en dias,"mala, compra, articulo, deterioro","mala:1, compra:1, articulo:1, deterioro:1",negativo,correcto
125,"El producto es una copia barata, nada que ver con el original.",negativo,el producto es una copia barata nada que ver con el original,"producto, copia, barata, ver, original","producto:1, copia:1, barata:1, ver:1, original:1",mixto,revisar
126,"Pésima experiencia de compra, no lo recomiendo.",negativo,pesima experiencia de compra no lo recomiendo,"pesima, experiencia, compra, recomiendo","pesima:1, experiencia:1, compra:1, recomiendo:1",mixto,revisar
127,El producto no funciona con el voltaje de mi país.,negativo,el producto no funciona con el voltaje de mi pais,"producto, funciona, voltaje, pais","producto:1, funciona:1, voltaje:1, pais:1",neutro,revisar
128,La pantalla se rayó sola en el primer día.,negativo,la pantalla se rayo sola en el primer dia,"pantalla, rayo, sola, primer","pantalla:1, rayo:1, sola:1, primer:1",neutro,revisar
129,"Producto de muy baja calidad, una completa decepción.",negativo,producto de muy baja calidad una completa decepcion,"producto, baja, calidad, completa, decepcion","producto:1, baja:1, calidad:1, completa:1, decepcion:1",mixto,revisar
130,El producto llegó dañado desde el exterior. Pésimo empaque del vendedor.,negativo,el producto llego danado desde el exterior pesimo empaque del vendedor,"producto, danado, exterior, pesimo, empaque, vendedor","producto:1, danado:1, exterior:1, pesimo:1, empaque:1",negativo,correcto
131,"El producto vino completamente diferente al que pedí, un fraude total.",negativo,el producto vino completamente diferente al que pedi un fraude total,"producto, vino, completamente, diferente, pedi, fraude, total","producto:1, vino:1, completamente:1, diferente:1, pedi:1",neutro,revisar
132,"Se rompió a los dos días de uso, calidad deplorable.",negativo,se rompio a los dos dias de uso calidad deplorable,"rompio, dos, uso, calidad, deplorable","rompio:1, dos:1, uso:1, calidad:1, deplorable:1",mixto,revisar
133,"El vendedor no respondió mis reclamaciones, pésimo servicio posventa.",negativo,el vendedor no respondio mis reclamaciones pesimo servicio posventa,"vendedor, respondio, reclamaciones, pesimo, servicio, posventa","vendedor:1, respondio:1, reclamaciones:1, pesimo:1, servicio:1",mixto,revisar
134,El artículo llegó sucio y con evidentes señales de uso previo.,negativo,el articulo llego sucio y con evidentes senales de uso previo,"articulo, sucio, evidentes, senales, uso, previo","articulo:1, sucio:1, evidentes:1, senales:1, uso:1",neutro,revisar
135,"Compré dos unidades y ambas llegaron defectuosas, terrible.",negativo,compre dos unidades y ambas llegaron defectuosas terrible,"compre, dos, unidades, ambas, llegaron, defectuosas, terrible","compre:1, dos:1, unidades:1, ambas:1, llegaron:1",negativo,correcto
136,El envío tardó un mes y el producto llegó en malas condiciones.,negativo,el envio tardo un mes y el producto llego en malas condiciones,"envio, tardo, mes, producto, malas, condiciones","envio:1, tardo:1, mes:1, producto:1, malas:1",negativo,correcto
137,"No encendió ni una sola vez, producto inservible desde la caja.",negativo,no encendio ni una sola vez producto inservible desde la caja,"encendio, sola, producto, inservible, caja","encendio:1, sola:1, producto:1, inservible:1, caja:1",neutro,revisar
138,El embalaje era tan malo que el artículo estaba completamente aplastado.,negativo,el embalaje era tan malo que el articulo estaba completamente aplastado,"embalaje, malo, articulo, completamente, aplastado","embalaje:1, malo:1, articulo:1, completamente:1, aplastado:1",negativo,correcto
139,Producto con partes faltantes y sin posibilidad de reclamación.,negativo,producto con partes faltantes y sin posibilidad de reclamacion,"producto, partes, faltantes, posibilidad, reclamacion","producto:1, partes:1, faltantes:1, posibilidad:1, reclamacion:1",neutro,revisar
140,"La descripción es completamente engañosa, no es lo que parece.",negativo,la descripcion es completamente enganosa no es lo que parece,"descripcion, completamente, enganosa, parece","descripcion:1, completamente:1, enganosa:1, parece:1",negativo,correcto
141,El material es tan débil que se deformó solo al sacarlo del empaque.,negativo,el material es tan debil que se deformo solo al sacarlo del empaque,"material, debil, deformo, solo, sacarlo, empaque","material:1, debil:1, deformo:1, solo:1, sacarlo:1",negativo,correcto
142,Llegó sin la garantía prometida y con instrucciones en idioma desconocido.,negativo,llego sin la garantia prometida y con instrucciones en idioma desconocido,"garantia, prometida, instrucciones, idioma, desconocido","garantia:1, prometida:1, instrucciones:1, idioma:1, desconocido:1",neutro,revisar
143,El color era totalmente diferente y el vendedor no acepta devoluciones.,negativo,el color era totalmente diferente y el vendedor no acepta devoluciones,"color, totalmente, diferente, vendedor, acepta, devoluciones","color:1, totalmente:1, diferente:1, vendedor:1, acepta:1",neutro,revisar
144,Artículo de imitación barata vendido como producto original. Estafa.,negativo,articulo de imitacion barata vendido como producto original estafa,"articulo, imitacion, barata, vendido, producto, original, estafa","articulo:1, imitacion:1, barata:1, vendido:1, producto:1",mixto,revisar
145,"El cable se quemó al primer uso, producto peligroso.",negativo,el cable se quemo al primer uso producto peligroso,"cable, quemo, primer, uso, producto, peligroso","cable:1, quemo:1, primer:1, uso:1, producto:1",negativo,correcto
146,El envío fue enviado a la dirección equivocada por descuido del vendedor.,negativo,el envio fue enviado a la direccion equivocada por descuido del vendedor,"envio, enviado, direccion, equivocada, descuido, vendedor","envio:1, enviado:1, direccion:1, equivocada:1, descuido:1",negativo,correcto
147,No cumple ninguna de las especificaciones técnicas que anunciaba.,negativo,no cumple ninguna de las especificaciones tecnicas que anunciaba,"cumple, especificaciones, tecnicas, anunciaba","cumple:1, especificaciones:1, tecnicas:1, anunciaba:1",positivo,revisar
148,El producto huele a químicos fuertes y es inutilizable.,negativo,el producto huele a quimicos fuertes y es inutilizable,"producto, huele, quimicos, fuertes, inutilizable","producto:1, huele:1, quimicos:1, fuertes:1, inutilizable:1",negativo,correcto
149,Me cobraron dos veces y el vendedor se niega a reembolsar.,negativo,me cobraron dos veces y el vendedor se niega a reembolsar,"cobraron, dos, vendedor, niega, reembolsar","cobraron:1, dos:1, vendedor:1, niega:1, reembolsar:1",neutro,revisar
150,La batería no carga y el vendedor dice que es culpa del usuario.,negativo,la bateria no carga y el vendedor dice que es culpa del usuario,"bateria, carga, vendedor, dice, culpa, usuario","bateria:1, carga:1, vendedor:1, dice:1, culpa:1",neutro,revisar
151,"El producto cumple su función, aunque el nivel de ruido es mayor al esperado.",mixto,el producto cumple su funcion aunque el nivel de ruido es mayor al esperado,"producto, cumple, funcion, nivel, ruido, mayor, esperado","producto:1, cumple:1, funcion:1, nivel:1, ruido:1",mixto,correcto
152,"El producto es bueno, pero el envío tardó más de lo prometido.",mixto,el producto es bueno pero el envio tardo mas de lo prometido,"producto, bueno, envio, tardo, prometido","producto:1, bueno:1, envio:1, tardo:1, prometido:1",mixto,correcto
153,"Buena calidad, aunque el empaque llegó un poco golpeado.",mixto,buena calidad aunque el empaque llego un poco golpeado,"buena, calidad, empaque, poco, golpeado","buena:1, calidad:1, empaque:1, poco:1, golpeado:1",mixto,correcto
154,"Me gustó el artículo, sin embargo tuve problemas con el vendedor.",mixto,me gusto el articulo sin embargo tuve problemas con el vendedor,"gusto, articulo, embargo, tuve, problemas, vendedor","gusto:1, articulo:1, embargo:1, tuve:1, problemas:1",neutro,revisar
155,"El producto funciona bien, pero la instrucciones están en otro idioma.",mixto,el producto funciona bien pero la instrucciones estan en otro idioma,"producto, funciona, bien, instrucciones, otro, idioma","producto:1, funciona:1, bien:1, instrucciones:1, otro:1",neutro,revisar
156,"Llegó rápido, pero le faltaba un accesorio que venía en la foto.",mixto,llego rapido pero le faltaba un accesorio que venia en la foto,"rapido, faltaba, accesorio, venia, foto","rapido:1, faltaba:1, accesorio:1, venia:1, foto:1",positivo,revisar
157,"Buen producto en general, aunque el color es diferente al de las fotos.",mixto,buen producto en general aunque el color es diferente al de las fotos,"buen, producto, general, color, diferente, fotos","buen:1, producto:1, general:1, color:1, diferente:1",positivo,revisar
158,"La calidad es aceptable, pero esperaba algo mejor por ese precio.",mixto,la calidad es aceptable pero esperaba algo mejor por ese precio,"calidad, aceptable, esperaba, mejor, precio","calidad:1, aceptable:1, esperaba:1, mejor:1, precio:1",positivo,revisar
159,"El artículo cumple su función, aunque el material podría ser mejor.",mixto,el articulo cumple su funcion aunque el material podria ser mejor,"articulo, cumple, funcion, material, podria, mejor","articulo:1, cumple:1, funcion:1, material:1, podria:1",positivo,revisar
160,"Buen vendedor, pero el producto tardó más de lo anunciado.",mixto,buen vendedor pero el producto tardo mas de lo anunciado,"buen, vendedor, producto, tardo, anunciado","buen:1, vendedor:1, producto:1, tardo:1, anunciado:1",mixto,correcto
161,"El producto es correcto, aunque las instrucciones no son muy claras.",mixto,el producto es correcto aunque las instrucciones no son muy claras,"producto, correcto, instrucciones, claras","producto:1, correcto:1, instrucciones:1, claras:1",neutro,revisar
162,"Me gustó mucho el diseño, pero tuve problemas al instalarlo.",mixto,me gusto mucho el diseno pero tuve problemas al instalarlo,"gusto, diseno, tuve, problemas, instalarlo","gusto:1, diseno:1, tuve:1, problemas:1, instalarlo:1",neutro,revisar
163,"Funciona bien, aunque el empaque llegó con algunos golpes.",mixto,funciona bien aunque el empaque llego con algunos golpes,"funciona, bien, empaque, algunos, golpes","funciona:1, bien:1, empaque:1, algunos:1, golpes:1",neutro,revisar
164,"El artículo es bonito, pero la calidad no justifica el precio.",mixto,el articulo es bonito pero la calidad no justifica el precio,"articulo, bonito, calidad, justifica, precio","articulo:1, bonito:1, calidad:1, justifica:1, precio:1",positivo,revisar
165,"Buena experiencia en general, aunque la atención al cliente podría mejorar.",mixto,buena experiencia en general aunque la atencion al cliente podria mejorar,"buena, experiencia, general, atencion, cliente, podria, mejorar","buena:1, experiencia:1, general:1, atencion:1, cliente:1",positivo,revisar
166,"El producto llegó a tiempo, pero faltaban dos tornillos para armarlo.",mixto,el producto llego a tiempo pero faltaban dos tornillos para armarlo,"producto, tiempo, faltaban, dos, tornillos, armarlo","producto:1, tiempo:1, faltaban:1, dos:1, tornillos:1",negativo,revisar
167,"Es un buen artículo, aunque el tamaño es un poco menor al esperado.",mixto,es un buen articulo aunque el tamano es un poco menor al esperado,"buen, articulo, tamano, poco, menor, esperado","buen:1, articulo:1, tamano:1, poco:1, menor:1",positivo,revisar
168,"El envío fue rápido, pero el producto tiene un pequeño defecto estético.",mixto,el envio fue rapido pero el producto tiene un pequeno defecto estetico,"envio, rapido, producto, pequeno, defecto, estetico","envio:1, rapido:1, producto:1, pequeno:1, defecto:1",positivo,revisar
169,"Me agradó el producto, aunque el vendedor tardó en confirmar el pedido.",mixto,me agrado el producto aunque el vendedor tardo en confirmar el pedido,"agrado, producto, vendedor, tardo, confirmar, pedido","agrado:1, producto:1, vendedor:1, tardo:1, confirmar:1",negativo,revisar
170,"Funciona correctamente, pero el cable incluido es de mala calidad.",mixto,funciona correctamente pero el cable incluido es de mala calidad,"funciona, correctamente, cable, incluido, mala, calidad","funciona:1, correctamente:1, cable:1, incluido:1, mala:1",mixto,correcto
171,"Buen producto por el precio, aunque el acabado podría ser mejor.",mixto,buen producto por el precio aunque el acabado podria ser mejor,"buen, producto, precio, acabado, podria, mejor","buen:1, producto:1, precio:1, acabado:1, podria:1",positivo,revisar
172,"El artículo es funcional, pero llegó con la caja abierta.",mixto,el articulo es funcional pero llego con la caja abierta,"articulo, funcional, caja, abierta","articulo:1, funcional:1, caja:1, abierta:1",mixto,correcto
173,"Calidad aceptable, aunque tuve que esperar más de lo normal para recibirlo.",mixto,calidad aceptable aunque tuve que esperar mas de lo normal para recibirlo,"calidad, aceptable, tuve, esperar, normal, recibirlo","calidad:1, aceptable:1, tuve:1, esperar:1, normal:1",positivo,revisar
174,"El producto se ve bien, pero al usarlo noto que no es tan resistente.",mixto,el producto se ve bien pero al usarlo noto que no es tan resistente,"producto, bien, usarlo, noto, resistente","producto:1, bien:1, usarlo:1, noto:1, resistente:1",positivo,revisar
175,"Buen precio y buena calidad, aunque la entrega tuvo un retraso.",mixto,buen precio y buena calidad aunque la entrega tuvo un retraso,"buen, precio, buena, calidad, entrega, tuvo, retraso","buen:1, precio:1, buena:1, calidad:1, entrega:1",positivo,revisar
176,"El artículo cumple lo básico, pero esperaba más funciones.",mixto,el articulo cumple lo basico pero esperaba mas funciones,"articulo, cumple, basico, esperaba, funciones","articulo:1, cumple:1, basico:1, esperaba:1, funciones:1",positivo,revisar
177,"El vendedor es atento, aunque el producto tiene algunas imperfecciones.",mixto,el vendedor es atento aunque el producto tiene algunas imperfecciones,"vendedor, atento, producto, algunas, imperfecciones","vendedor:1, atento:1, producto:1, algunas:1, imperfecciones:1",positivo,revisar
178,"Me llegó rápido, pero el artículo no coincide exactamente con la descripción.",mixto,me llego rapido pero el articulo no coincide exactamente con la descripcion,"rapido, articulo, coincide, exactamente, descripcion","rapido:1, articulo:1, coincide:1, exactamente:1, descripcion:1",positivo,revisar
179,"El producto es útil, pero el manual de instrucciones es muy confuso.",mixto,el producto es util pero el manual de instrucciones es muy confuso,"producto, util, manual, instrucciones, confuso","producto:1, util:1, manual:1, instrucciones:1, confuso:1",neutro,revisar
180,"Buena compra en general, aunque el empaque interno era muy básico.",mixto,buena compra en general aunque el empaque interno era muy basico,"buena, compra, general, empaque, interno, basico","buena:1, compra:1, general:1, empaque:1, interno:1",positivo,revisar
181,"El artículo funciona, pero el material se siente algo frágil.",mixto,el articulo funciona pero el material se siente algo fragil,"articulo, funciona, material, siente, fragil","articulo:1, funciona:1, material:1, siente:1, fragil:1",negativo,revisar
182,"Buen diseño y buen precio, aunque tardó más de lo esperado.",mixto,buen diseno y buen precio aunque tardo mas de lo esperado,"buen, diseno, buen, precio, tardo, esperado","buen:2, diseno:1, precio:1, tardo:1, esperado:1",mixto,correcto
183,"El producto cumple su función, pero le falta durabilidad.",mixto,el producto cumple su funcion pero le falta durabilidad,"producto, cumple, funcion, falta, durabilidad","producto:1, cumple:1, funcion:1, falta:1, durabilidad:1",positivo,revisar
184,"Llegó bien, aunque el color no era exactamente el que mostrada la foto.",mixto,llego bien aunque el color no era exactamente el que mostrada la foto,"bien, color, exactamente, mostrada, foto","bien:1, color:1, exactamente:1, mostrada:1, foto:1",neutro,revisar
185,"La calidad es buena, pero el proceso de compra fue complicado.",mixto,la calidad es buena pero el proceso de compra fue complicado,"calidad, buena, proceso, compra, complicado","calidad:1, buena:1, proceso:1, compra:1, complicado:1",positivo,revisar
186,"Me gustó el producto, aunque tuve que contactar al vendedor por un problema menor.",mixto,me gusto el producto aunque tuve que contactar al vendedor por un problema menor,"gusto, producto, tuve, contactar, vendedor, problema, menor","gusto:1, producto:1, tuve:1, contactar:1, vendedor:1",neutro,revisar
187,"El artículo es bonito y práctico, aunque el envío fue lento.",mixto,el articulo es bonito y practico aunque el envio fue lento,"articulo, bonito, practico, envio, lento","articulo:1, bonito:1, practico:1, envio:1, lento:1",positivo,revisar
188,"Funciona bien en general, pero la batería no dura tanto como decían.",mixto,funciona bien en general pero la bateria no dura tanto como decian,"funciona, bien, general, bateria, dura, decian","funciona:1, bien:1, general:1, bateria:1, dura:1",neutro,revisar
189,"Buena relación calidad-precio, aunque la atención posventa es mejorable.",mixto,buena relacion calidad precio aunque la atencion posventa es mejorable,"buena, relacion, calidad, precio, atencion, posventa, mejorable","buena:1, relacion:1, calidad:1, precio:1, atencion:1",positivo,revisar
190,"El producto llegó completo, pero un detalle del acabado estaba mal.",mixto,el producto llego completo pero un detalle del acabado estaba mal,"producto, completo, detalle, acabado, mal","producto:1, completo:1, detalle:1, acabado:1, mal:1",neutro,revisar
191,"Es lo que buscaba, aunque el tamaño es ligeramente diferente al indicado.",mixto,es lo que buscaba aunque el tamano es ligeramente diferente al indicado,"buscaba, tamano, ligeramente, diferente, indicado","buscaba:1, tamano:1, ligeramente:1, diferente:1, indicado:1",neutro,revisar
192,"Buen artículo, aunque el embalaje podría proteger mejor el producto.",mixto,buen articulo aunque el embalaje podria proteger mejor el producto,"buen, articulo, embalaje, podria, proteger, mejor, producto","buen:1, articulo:1, embalaje:1, podria:1, proteger:1",positivo,revisar
193,"Me satisface el producto, pero demoró más de dos semanas en llegar.",mixto,me satisface el producto pero demoro mas de dos semanas en llegar,"satisface, producto, demoro, dos, semanas","satisface:1, producto:1, demoro:1, dos:1, semanas:1",neutro,revisar
194,"El artículo tiene buena calidad, aunque uno de los accesorios vino defectuoso.",mixto,el articulo tiene buena calidad aunque uno de los accesorios vino defectuoso,"articulo, buena, calidad, uno, accesorios, vino, defectuoso","articulo:1, buena:1, calidad:1, uno:1, accesorios:1",mixto,correcto
195,"Buen precio, pero la calidad del material deja algo que desear.",mixto,buen precio pero la calidad del material deja algo que desear,"buen, precio, calidad, material, deja, desear","buen:1, precio:1, calidad:1, material:1, deja:1",positivo,revisar
196,"El producto es práctico, aunque el vendedor no respondió mis preguntas a tiempo.",mixto,el producto es practico aunque el vendedor no respondio mis preguntas a tiempo,"producto, practico, vendedor, respondio, preguntas, tiempo","producto:1, practico:1, vendedor:1, respondio:1, preguntas:1",positivo,revisar
197,"Funciona como se describe, pero el color llegó diferente al pedido.",mixto,funciona como se describe pero el color llego diferente al pedido,"funciona, describe, color, diferente, pedido","funciona:1, describe:1, color:1, diferente:1, pedido:1",neutro,revisar
198,"Me gustó la presentación, aunque el producto tiene algunas limitaciones.",mixto,me gusto la presentacion aunque el producto tiene algunas limitaciones,"gusto, presentacion, producto, algunas, limitaciones","gusto:1, presentacion:1, producto:1, algunas:1, limitaciones:1",neutro,revisar
199,"Es un buen producto, aunque llegó con el empaque deteriorado.",mixto,es un buen producto aunque llego con el empaque deteriorado,"buen, producto, empaque, deteriorado","buen:1, producto:1, empaque:1, deteriorado:1",positivo,revisar
200,"La calidad es aceptable, pero el precio me parece algo elevado.",mixto,la calidad es aceptable pero el precio me parece algo elevado,"calidad, aceptable, precio, parece, elevado","calidad:1, aceptable:1, precio:1, parece:1, elevado:1",positivo,revisar
201,"El artículo es útil, pero esperaba mejor acabado por ese costo.",mixto,el articulo es util pero esperaba mejor acabado por ese costo,"articulo, util, esperaba, mejor, acabado, costo","articulo:1, util:1, esperaba:1, mejor:1, acabado:1",positivo,revisar
202,"Buen vendedor y rápido envío, aunque el producto tiene un defecto menor.",mixto,buen vendedor y rapido envio aunque el producto tiene un defecto menor,"buen, vendedor, rapido, envio, producto, defecto, menor","buen:1, vendedor:1, rapido:1, envio:1, producto:1",positivo,revisar
203,"El producto cumple, aunque las instrucciones de uso son escasas.",mixto,el producto cumple aunque las instrucciones de uso son escasas,"producto, cumple, instrucciones, uso, escasas","producto:1, cumple:1, instrucciones:1, uso:1, escasas:1",positivo,revisar
204,"Me llegó en buen estado, pero la conexión falla ocasionalmente.",mixto,me llego en buen estado pero la conexion falla ocasionalmente,"buen, estado, conexion, falla, ocasionalmente","buen:1, estado:1, conexion:1, falla:1, ocasionalmente:1",mixto,correcto
205,"Buena compra por el precio, aunque el diseño podría mejorar.",mixto,buena compra por el precio aunque el diseno podria mejorar,"buena, compra, precio, diseno, podria, mejorar","buena:1, compra:1, precio:1, diseno:1, podria:1",positivo,revisar
206,"El artículo es correcto, aunque me tardé en configurarlo por falta de información.",mixto,el articulo es correcto aunque me tarde en configurarlo por falta de informacion,"articulo, correcto, tarde, configurarlo, falta, informacion","articulo:1, correcto:1, tarde:1, configurarlo:1, falta:1",neutro,revisar
207,"El producto es bonito, pero la resistencia no es la mejor.",mixto,el producto es bonito pero la resistencia no es la mejor,"producto, bonito, resistencia, mejor","producto:1, bonito:1, resistencia:1, mejor:1",positivo,revisar
208,"Envío puntual, aunque el producto presenta pequeñas fallas de fábrica.",mixto,envio puntual aunque el producto presenta pequenas fallas de fabrica,"envio, puntual, producto, presenta, pequenas, fallas, fabrica","envio:1, puntual:1, producto:1, presenta:1, pequenas:1",mixto,correcto
209,"Buen artículo en general, aunque la caja llegó algo maltratada.",mixto,buen articulo en general aunque la caja llego algo maltratada,"buen, articulo, general, caja, maltratada","buen:1, articulo:1, general:1, caja:1, maltratada:1",positivo,revisar
210,"El producto es funcional, pero le falta acabado en algunos detalles.",mixto,el producto es funcional pero le falta acabado en algunos detalles,"producto, funcional, falta, acabado, algunos, detalles","producto:1, funcional:1, falta:1, acabado:1, algunos:1",positivo,revisar
211,"Me gustó, aunque no era exactamente lo que esperaba por el precio pagado.",mixto,me gusto aunque no era exactamente lo que esperaba por el precio pagado,"gusto, exactamente, esperaba, precio, pagado","gusto:1, exactamente:1, esperaba:1, precio:1, pagado:1",neutro,revisar
212,"Es un producto decente, aunque hay mejores opciones en el mercado.",mixto,es un producto decente aunque hay mejores opciones en el mercado,"producto, decente, mejores, opciones, mercado","producto:1, decente:1, mejores:1, opciones:1, mercado:1",neutro,revisar
213,"Llegó a tiempo, pero el producto tiene un olor raro que no desaparece.",mixto,llego a tiempo pero el producto tiene un olor raro que no desaparece,"tiempo, producto, olor, raro, desaparece","tiempo:1, producto:1, olor:1, raro:1, desaparece:1",neutro,revisar
214,"La calidad es buena, aunque el servicio de entrega dejó mucho que desear.",mixto,la calidad es buena aunque el servicio de entrega dejo mucho que desear,"calidad, buena, servicio, entrega, dejo, desear","calidad:1, buena:1, servicio:1, entrega:1, dejo:1",positivo,revisar
215,"El artículo funciona bien, aunque uno de los botones es poco intuitivo.",mixto,el articulo funciona bien aunque uno de los botones es poco intuitivo,"articulo, funciona, bien, uno, botones, poco, intuitivo","articulo:1, funciona:1, bien:1, uno:1, botones:1",neutro,revisar
216,"Buen producto para uso básico, aunque no es apto para uso intensivo.",mixto,buen producto para uso basico aunque no es apto para uso intensivo,"buen, producto, uso, basico, apto, uso, intensivo","uso:2, buen:1, producto:1, basico:1, apto:1",positivo,revisar
217,"Me gustó el acabado, pero el producto tardó demasiado en llegar.",mixto,me gusto el acabado pero el producto tardo demasiado en llegar,"gusto, acabado, producto, tardo, demasiado","gusto:1, acabado:1, producto:1, tardo:1, demasiado:1",negativo,revisar
218,"El artículo es como se describe, aunque el vendedor no fue muy comunicativo.",mixto,el articulo es como se describe aunque el vendedor no fue muy comunicativo,"articulo, describe, vendedor, comunicativo","articulo:1, describe:1, vendedor:1, comunicativo:1",neutro,revisar
219,"Funciona correctamente, aunque el primer día tuvo algunos fallos menores.",mixto,funciona correctamente aunque el primer dia tuvo algunos fallos menores,"funciona, correctamente, primer, tuvo, algunos, fallos, menores","funciona:1, correctamente:1, primer:1, tuvo:1, algunos:1",positivo,revisar
220,"Buen precio, aunque la calidad del cable incluido es bastante deficiente.",mixto,buen precio aunque la calidad del cable incluido es bastante deficiente,"buen, precio, calidad, cable, incluido, deficiente","buen:1, precio:1, calidad:1, cable:1, incluido:1",positivo,revisar
221,"El producto llegó completo y funcional, aunque el empaque estaba dañado.",mixto,el producto llego completo y funcional aunque el empaque estaba danado,"producto, completo, funcional, empaque, danado","producto:1, completo:1, funcional:1, empaque:1, danado:1",mixto,correcto
222,"El pedido fue puntual, aunque el producto tiene menos funciones de las esperadas.",mixto,el pedido fue puntual aunque el producto tiene menos funciones de las esperadas,"pedido, puntual, producto, funciones, esperadas","pedido:1, puntual:1, producto:1, funciones:1, esperadas:1",positivo,revisar
223,"Me gustó el artículo, pero el proceso de devolución fue complicado.",mixto,me gusto el articulo pero el proceso de devolucion fue complicado,"gusto, articulo, proceso, devolucion, complicado","gusto:1, articulo:1, proceso:1, devolucion:1, complicado:1",negativo,revisar
224,"El producto tiene buena presentación, aunque la durabilidad es cuestionable.",mixto,el producto tiene buena presentacion aunque la durabilidad es cuestionable,"producto, buena, presentacion, durabilidad, cuestionable","producto:1, buena:1, presentacion:1, durabilidad:1, cuestionable:1",positivo,revisar
225,"Buena calidad en general, aunque tuve que esperar una semana extra.",mixto,buena calidad en general aunque tuve que esperar una semana extra,"buena, calidad, general, tuve, esperar, semana, extra","buena:1, calidad:1, general:1, tuve:1, esperar:1",positivo,revisar
226,"El artículo es correcto, llegó como se esperaba.",neutro,el articulo es correcto llego como se esperaba,"articulo, correcto, esperaba","articulo:1, correcto:1, esperaba:1",neutro,correcto
227,"Recibí el pedido sin novedades, el producto es estándar.",neutro,recibi el pedido sin novedades el producto es estandar,"recibi, pedido, novedades, producto, estandar","recibi:1, pedido:1, novedades:1, producto:1, estandar:1",neutro,correcto
228,"El producto es normal, funciona como cualquier artículo de esta categoría.",neutro,el producto es normal funciona como cualquier articulo de esta categoria,"producto, normal, funciona, cualquier, articulo, categoria","producto:1, normal:1, funciona:1, cualquier:1, articulo:1",neutro,correcto
229,"Llegó el tiempo estimado, el artículo no tiene nada especial.",neutro,llego el tiempo estimado el articulo no tiene nada especial,"tiempo, estimado, articulo, especial","tiempo:1, estimado:1, articulo:1, especial:1",neutro,correcto
230,"El producto cumple lo básico, ni más ni menos.",neutro,el producto cumple lo basico ni mas ni menos,"producto, cumple, basico","producto:1, cumple:1, basico:1",positivo,revisar
231,"Artículo recibido correctamente, el vendedor cumplió con los tiempos.",neutro,articulo recibido correctamente el vendedor cumplio con los tiempos,"articulo, recibido, correctamente, vendedor, cumplio, tiempos","articulo:1, recibido:1, correctamente:1, vendedor:1, cumplio:1",positivo,revisar
232,"El artículo no me sorprendió, pero tampoco me decepcionó.",neutro,el articulo no me sorprendio pero tampoco me decepciono,"articulo, sorprendio, tampoco, decepciono","articulo:1, sorprendio:1, tampoco:1, decepciono:1",neutro,correcto
233,"El producto es funcional, no más no menos.",neutro,el producto es funcional no mas no menos,"producto, funcional","producto:1, funcional:1",positivo,revisar
234,"Recibí el artículo a tiempo y en buen estado, todo en orden.",neutro,recibi el articulo a tiempo y en buen estado todo en orden,"recibi, articulo, tiempo, buen, estado, orden","recibi:1, articulo:1, tiempo:1, buen:1, estado:1",positivo,revisar
235,El producto es correcto para uso básico.,neutro,el producto es correcto para uso basico,"producto, correcto, uso, basico","producto:1, correcto:1, uso:1, basico:1",neutro,correcto
236,"El envío fue normal, el producto llega como se esperaba.",neutro,el envio fue normal el producto llega como se esperaba,"envio, normal, producto, llega, esperaba","envio:1, normal:1, producto:1, llega:1, esperaba:1",neutro,correcto
237,"Es un producto estándar, cumple lo que promete sin sobresalir.",neutro,es un producto estandar cumple lo que promete sin sobresalir,"producto, estandar, cumple, promete, sobresalir","producto:1, estandar:1, cumple:1, promete:1, sobresalir:1",positivo,revisar
238,El artículo llegó en el tiempo indicado y sin problemas.,neutro,el articulo llego en el tiempo indicado y sin problemas,"articulo, tiempo, indicado, problemas","articulo:1, tiempo:1, indicado:1, problemas:1",neutro,correcto
239,"El producto es adecuado, sin grandes virtudes ni defectos.",neutro,el producto es adecuado sin grandes virtudes ni defectos,"producto, adecuado, grandes, virtudes, defectos","producto:1, adecuado:1, grandes:1, virtudes:1, defectos:1",neutro,correcto
240,"Llegó bien, es lo que se esperaba por ese precio.",neutro,llego bien es lo que se esperaba por ese precio,"bien, esperaba, precio","bien:1, esperaba:1, precio:1",neutro,correcto
241,"El artículo es correcto, el envío fue puntual.",neutro,el articulo es correcto el envio fue puntual,"articulo, correcto, envio, puntual","articulo:1, correcto:1, envio:1, puntual:1",positivo,revisar
242,El producto cumple su función básica sin ningún problema.,neutro,el producto cumple su funcion basica sin ningun problema,"producto, cumple, funcion, basica, problema","producto:1, cumple:1, funcion:1, basica:1, problema:1",positivo,revisar
243,"Recibí el artículo en buenas condiciones, nada fuera de lo normal.",neutro,recibi el articulo en buenas condiciones nada fuera de lo normal,"recibi, articulo, buenas, condiciones, fuera, normal","recibi:1, articulo:1, buenas:1, condiciones:1, fuera:1",neutro,correcto
244,"El producto es lo que se describe, sin sorpresas.",neutro,el producto es lo que se describe sin sorpresas,"producto, describe, sorpresas","producto:1, describe:1, sorpresas:1",neutro,correcto
245,"El artículo es adecuado, no tiene nada especial.",neutro,el articulo es adecuado no tiene nada especial,"articulo, adecuado, especial","articulo:1, adecuado:1, especial:1",neutro,correcto
246,El producto llegó bien empacado y funciona correctamente.,neutro,el producto llego bien empacado y funciona correctamente,"producto, bien, empacado, funciona, correctamente","producto:1, bien:1, empacado:1, funciona:1, correctamente:1",positivo,revisar
247,El envío fue normal y el artículo está en buen estado.,neutro,el envio fue normal y el articulo esta en buen estado,"envio, normal, articulo, buen, estado","envio:1, normal:1, articulo:1, buen:1, estado:1",positivo,revisar
248,"El producto cumple con lo descrito, sin más ni menos.",neutro,el producto cumple con lo descrito sin mas ni menos,"producto, cumple, descrito","producto:1, cumple:1, descrito:1",positivo,revisar
249,"Es un artículo correcto, sin defectos pero tampoco sin destacar.",neutro,es un articulo correcto sin defectos pero tampoco sin destacar,"articulo, correcto, defectos, tampoco, destacar","articulo:1, correcto:1, defectos:1, tampoco:1, destacar:1",neutro,correcto
250,"El producto llegó a tiempo, todo correcto.",neutro,el producto llego a tiempo todo correcto,"producto, tiempo, correcto","producto:1, tiempo:1, correcto:1",neutro,correcto
251,El artículo es funcional y llegó en las condiciones esperadas.,neutro,el articulo es funcional y llego en las condiciones esperadas,"articulo, funcional, condiciones, esperadas","articulo:1, funcional:1, condiciones:1, esperadas:1",positivo,revisar
252,"Producto recibido en buen estado, el envío fue estándar.",neutro,producto recibido en buen estado el envio fue estandar,"producto, recibido, buen, estado, envio, estandar","producto:1, recibido:1, buen:1, estado:1, envio:1",positivo,revisar
253,"El artículo es normal, cumple su función sin sorprender.",neutro,el articulo es normal cumple su funcion sin sorprender,"articulo, normal, cumple, funcion, sorprender","articulo:1, normal:1, cumple:1, funcion:1, sorprender:1",positivo,revisar
254,El producto es lo que se espera por ese precio.,neutro,el producto es lo que se espera por ese precio,"producto, espera, precio","producto:1, espera:1, precio:1",neutro,correcto
255,Llegó en el tiempo prometido y sin problemas adicionales.,neutro,llego en el tiempo prometido y sin problemas adicionales,"tiempo, prometido, problemas, adicionales","tiempo:1, prometido:1, problemas:1, adicionales:1",neutro,correcto
256,"El artículo es correcto, el vendedor cumplió con el pedido.",neutro,el articulo es correcto el vendedor cumplio con el pedido,"articulo, correcto, vendedor, cumplio, pedido","articulo:1, correcto:1, vendedor:1, cumplio:1, pedido:1",neutro,correcto
257,"El producto funciona bien, nada extraordinario.",neutro,el producto funciona bien nada extraordinario,"producto, funciona, bien, extraordinario","producto:1, funciona:1, bien:1, extraordinario:1",neutro,correcto
258,"El envío fue puntual, el artículo llegó en buen estado.",neutro,el envio fue puntual el articulo llego en buen estado,"envio, puntual, articulo, buen, estado","envio:1, puntual:1, articulo:1, buen:1, estado:1",positivo,revisar
259,"Es un producto estándar, hace lo que promete.",neutro,es un producto estandar hace lo que promete,"producto, estandar, promete","producto:1, estandar:1, promete:1",neutro,correcto
260,"Recibí el artículo sin problemas, todo según lo esperado.",neutro,recibi el articulo sin problemas todo segun lo esperado,"recibi, articulo, problemas, esperado","recibi:1, articulo:1, problemas:1, esperado:1",neutro,correcto
261,El producto es adecuado para el uso cotidiano.,neutro,el producto es adecuado para el uso cotidiano,"producto, adecuado, uso, cotidiano","producto:1, adecuado:1, uso:1, cotidiano:1",neutro,correcto
262,"Llegó bien y funciona, sin nada que resaltar.",neutro,llego bien y funciona sin nada que resaltar,"bien, funciona, resaltar","bien:1, funciona:1, resaltar:1",neutro,correcto
263,"El artículo es correcto, todo llegó en orden.",neutro,el articulo es correcto todo llego en orden,"articulo, correcto, orden","articulo:1, correcto:1, orden:1",neutro,correcto
264,"El producto cumple su propósito, nada más.",neutro,el producto cumple su proposito nada mas,"producto, cumple, proposito","producto:1, cumple:1, proposito:1",positivo,revisar
265,El envío fue correcto y el artículo está en buen estado.,neutro,el envio fue correcto y el articulo esta en buen estado,"envio, correcto, articulo, buen, estado","envio:1, correcto:1, articulo:1, buen:1, estado:1",positivo,revisar
266,"Es lo que dice ser, sin más. Correcto y funcional.",neutro,es lo que dice ser sin mas correcto y funcional,"dice, correcto, funcional","dice:1, correcto:1, funcional:1",positivo,revisar
267,"El producto llegó como se esperaba, sin contratiempos.",neutro,el producto llego como se esperaba sin contratiempos,"producto, esperaba, contratiempos","producto:1, esperaba:1, contratiempos:1",neutro,correcto
268,"Artículo recibido correctamente, sin observaciones especiales.",neutro,articulo recibido correctamente sin observaciones especiales,"articulo, recibido, correctamente, observaciones, especiales","articulo:1, recibido:1, correctamente:1, observaciones:1, especiales:1",positivo,revisar
269,"El producto es normal, cumple lo básico.",neutro,el producto es normal cumple lo basico,"producto, normal, cumple, basico","producto:1, normal:1, cumple:1, basico:1",positivo,revisar
270,El artículo llegó a tiempo y en condiciones aceptables.,neutro,el articulo llego a tiempo y en condiciones aceptables,"articulo, tiempo, condiciones, aceptables","articulo:1, tiempo:1, condiciones:1, aceptables:1",neutro,correcto
271,"El producto hace lo que se indica, nada fuera de lo común.",neutro,el producto hace lo que se indica nada fuera de lo comun,"producto, indica, fuera, comun","producto:1, indica:1, fuera:1, comun:1",neutro,correcto
272,"Recibí el pedido en buen estado, el proceso fue normal.",neutro,recibi el pedido en buen estado el proceso fue normal,"recibi, pedido, buen, estado, proceso, normal","recibi:1, pedido:1, buen:1, estado:1, proceso:1",positivo,revisar
273,"El artículo es lo que se describe, funciona correctamente.",neutro,el articulo es lo que se describe funciona correctamente,"articulo, describe, funciona, correctamente","articulo:1, describe:1, funciona:1, correctamente:1",positivo,revisar
274,"El producto es estándar, correcto para uso diario.",neutro,el producto es estandar correcto para uso diario,"producto, estandar, correcto, uso, diario","producto:1, estandar:1, correcto:1, uso:1, diario:1",neutro,correcto
275,El envío fue a tiempo y el artículo llegó en buenas condiciones.,neutro,el envio fue a tiempo y el articulo llego en buenas condiciones,"envio, tiempo, articulo, buenas, condiciones","envio:1, tiempo:1, articulo:1, buenas:1, condiciones:1",neutro,correcto
276,"Todo llegó como se esperaba, sin comentarios adicionales.",neutro,todo llego como se esperaba sin comentarios adicionales,"esperaba, comentarios, adicionales","esperaba:1, comentarios:1, adicionales:1",neutro,correcto
277,"El producto funciona, el envío fue puntual.",neutro,el producto funciona el envio fue puntual,"producto, funciona, envio, puntual","producto:1, funciona:1, envio:1, puntual:1",positivo,revisar
278,"Artículo correcto, llegó sin problemas.",neutro,articulo correcto llego sin problemas,"articulo, correcto, problemas","articulo:1, correcto:1, problemas:1",neutro,correcto
279,"El producto es lo esperado, funciona sin fallas.",neutro,el producto es lo esperado funciona sin fallas,"producto, esperado, funciona, fallas","producto:1, esperado:1, funciona:1, fallas:1",negativo,revisar
280,"El envío fue normal, artículo en buen estado.",neutro,el envio fue normal articulo en buen estado,"envio, normal, articulo, buen, estado","envio:1, normal:1, articulo:1, buen:1, estado:1",positivo,revisar
281,"El producto cumple, llegó correctamente.",neutro,el producto cumple llego correctamente,"producto, cumple, correctamente","producto:1, cumple:1, correctamente:1",positivo,revisar
282,"Todo fue según lo esperado, artículo funcional.",neutro,todo fue segun lo esperado articulo funcional,"esperado, articulo, funcional","esperado:1, articulo:1, funcional:1",positivo,revisar
283,El artículo llegó bien y funciona como debe.,neutro,el articulo llego bien y funciona como debe,"articulo, bien, funciona, debe","articulo:1, bien:1, funciona:1, debe:1",neutro,correcto
284,El producto es correcto para lo que se usa.,neutro,el producto es correcto para lo que se usa,"producto, correcto, usa","producto:1, correcto:1, usa:1",neutro,correcto
285,Recibí el pedido a tiempo y en buenas condiciones.,neutro,recibi el pedido a tiempo y en buenas condiciones,"recibi, pedido, tiempo, buenas, condiciones","recibi:1, pedido:1, tiempo:1, buenas:1, condiciones:1",neutro,correcto
286,"El artículo es lo que se describe, sin observaciones.",neutro,el articulo es lo que se describe sin observaciones,"articulo, describe, observaciones","articulo:1, describe:1, observaciones:1",neutro,correcto
287,"El producto cumple su función, el envío fue estándar.",neutro,el producto cumple su funcion el envio fue estandar,"producto, cumple, funcion, envio, estandar","producto:1, cumple:1, funcion:1, envio:1, estandar:1",positivo,revisar
288,"Llegó correctamente, el artículo no tiene defectos aparentes.",neutro,llego correctamente el articulo no tiene defectos aparentes,"correctamente, articulo, defectos, aparentes","correctamente:1, articulo:1, defectos:1, aparentes:1",positivo,revisar
289,El producto es aceptable para uso básico.,neutro,el producto es aceptable para uso basico,"producto, aceptable, uso, basico","producto:1, aceptable:1, uso:1, basico:1",neutro,correcto
290,El envío fue puntual y el artículo llegó en buen estado.,neutro,el envio fue puntual y el articulo llego en buen estado,"envio, puntual, articulo, buen, estado","envio:1, puntual:1, articulo:1, buen:1, estado:1",positivo,revisar
291,"El producto cumple lo que promete, sin más.",neutro,el producto cumple lo que promete sin mas,"producto, cumple, promete","producto:1, cumple:1, promete:1",positivo,revisar
292,"Artículo recibido, todo en orden.",neutro,articulo recibido todo en orden,"articulo, recibido, orden","articulo:1, recibido:1, orden:1",neutro,correcto
293,El producto es funcional y llegó a tiempo.,neutro,el producto es funcional y llego a tiempo,"producto, funcional, tiempo","producto:1, funcional:1, tiempo:1",positivo,revisar
294,"Recibí el artículo en el plazo indicado, todo correcto.",neutro,recibi el articulo en el plazo indicado todo correcto,"recibi, articulo, plazo, indicado, correcto","recibi:1, articulo:1, plazo:1, indicado:1, correcto:1",neutro,correcto
295,"El artículo llegó bien, el producto es lo esperado.",neutro,el articulo llego bien el producto es lo esperado,"articulo, bien, producto, esperado","articulo:1, bien:1, producto:1, esperado:1",neutro,correcto
296,"El envío fue correcto, el producto es estándar.",neutro,el envio fue correcto el producto es estandar,"envio, correcto, producto, estandar","envio:1, correcto:1, producto:1, estandar:1",neutro,correcto
297,"Todo llegó en orden, el artículo es funcional.",neutro,todo llego en orden el articulo es funcional,"orden, articulo, funcional","orden:1, articulo:1, funcional:1",positivo,revisar
298,"El producto no tiene nada especial, pero cumple.",neutro,el producto no tiene nada especial pero cumple,"producto, especial, cumple","producto:1, especial:1, cumple:1",positivo,revisar
299,"El artículo llegó en buenas condiciones, todo normal.",neutro,el articulo llego en buenas condiciones todo normal,"articulo, buenas, condiciones, normal","articulo:1, buenas:1, condiciones:1, normal:1",neutro,correcto
300,"El producto es correcto, el envío fue a tiempo.",neutro,el producto es correcto el envio fue a tiempo,"producto, correcto, envio, tiempo","producto:1, correcto:1, envio:1, tiempo:1",neutro,correcto
